file,classe,split,source,source_sha256,label_sha256,line,x1,y1,x2,y2,clipped,width,height,sha256,pixel_sha256
train/Capacete/100_jpg.rf.d7ecf9e18d5118f442d08557f3cea4fc__obj001.png,Capacete,train,train/images/100_jpg.rf.d7ecf9e18d5118f442d08557f3cea4fc.jpg,d3c1c9c0c41f54f51f725575af3003a866e3a361a4bf6c9a14ddf8e08b7f6fab,c162305555fc5a95d877608cdd6c8412e0f52bbefc064937ad09f5e894fc8f48,1,202,0,369,313,False,167,313,3489dccda748d077b51bea11ceab48cd96a8c73ef30e27722bf42c4b3e941cb9,8d9b59c259bd5ec745b13404f6c7fd571c44f160a28492d84b662ead3ceb8098
train/Colete/100_jpg.rf.d7ecf9e18d5118f442d08557f3cea4fc__obj002.png,Colete,train,train/images/100_jpg.rf.d7ecf9e18d5118f442d08557f3cea4fc.jpg,d3c1c9c0c41f54f51f725575af3003a866e3a361a4bf6c9a14ddf8e08b7f6fab,c162305555fc5a95d877608cdd6c8412e0f52bbefc064937ad09f5e894fc8f48,2,366,1,639,597,False,273,596,cb506fd4bb48e14d04a30d58c60f01e837db8eade930f28f10d3d70d8cea8fe3,b48ae8a9aff033f28efeed57f7ab310493c378f0d87036742275eda40328a015
train/Pessoa/100_jpg.rf.d7ecf9e18d5118f442d08557f3cea4fc__obj003.png,Pessoa,train,train/images/100_jpg.rf.d7ecf9e18d5118f442d08557f3cea4fc.jpg,d3c1c9c0c41f54f51f725575af3003a866e3a361a4bf6c9a14ddf8e08b7f6fab,c162305555fc5a95d877608cdd6c8412e0f52bbefc064937ad09f5e894fc8f48,3,212,0,640,640,False,428,640,cb58e61319441edbe3d0f97a44b2a6a2c5367c98c917f1774bf0749c4df5451c,d767fbc6bb914180386d391642cca49e8104711dcad3be1de052e096a3f607c7
train/Colete/101_jpg.rf.1d7c42b45b99bc5ca83c9275e0fcc719__obj001.png,Colete,train,train/images/101_jpg.rf.1d7c42b45b99bc5ca83c9275e0fcc719.jpg,2625da9e5bf66b3fbdbddc7b5578e54f9b4ac52c6f85f3cbf25dfcf1de40d48b,bdcb352e3f9aba59f72d245549c487bd7ca285afe721b267ee40e336e7fdda8e,1,177,237,379,640,False,202,403,c5e45fc5d0891016c01309e8ec888c0754ef03aba1457375813b725dba941343,88d5f2438b1e37bc6d0adaf4e937431361308e14a241fafe5262855e488379ff
train/Capacete/101_jpg.rf.1d7c42b45b99bc5ca83c9275e0fcc719__obj002.png,Capacete,train,train/images/101_jpg.rf.1d7c42b45b99bc5ca83c9275e0fcc719.jpg,2625da9e5bf66b3fbdbddc7b5578e54f9b4ac52c6f85f3cbf25dfcf1de40d48b,bdcb352e3f9aba59f72d245549c487bd7ca285afe721b267ee40e336e7fdda8e,2,260,17,395,179,False,135,162,ad377e39ca9b527ad94d225f57b0756864a45d8005d58527625a4ec13ddb74e2,d3df7f1328a83ebf6736a350705294c9e0779b46928d12b9b3c17f02d1934547
train/Pessoa/101_jpg.rf.1d7c42b45b99bc5ca83c9275e0fcc719__obj003.png,Pessoa,train,train/images/101_jpg.rf.1d7c42b45b99bc5ca83c9275e0fcc719.jpg,2625da9e5bf66b3fbdbddc7b5578e54f9b4ac52c6f85f3cbf25dfcf1de40d48b,bdcb352e3f9aba59f72d245549c487bd7ca285afe721b267ee40e336e7fdda8e,3,134,20,438,640,False,304,620,69a18a10b7c67d66c005ce6e4ec50902b73a7b63987ad9650a3d7285a89c44a2,2b2371c4735322afc8784f906a68931b1db12642db4fe99dea7c00453fe45432
train/Capacete/103_jpg.rf.a56c3d9815c5a6c0fa178920de57eb95__obj001.png,Capacete,train,train/images/103_jpg.rf.a56c3d9815c5a6c0fa178920de57eb95.jpg,dcd5823fc38eda36eb4b2569f27fb9a720888bc5965acd56ef56bf1362ffb6d6,b4813e4378e3021749b06191c1589033391f76efc5a9c0f6c36e7446fc7c7496,1,25,89,122,198,False,97,109,0568a44d264a272cf584da247a9aa7436b21a71f8acf7a49771f14f94ae7cee2,b1b1dca6e27ce1553fe6b4e3e3a9c48b496ee24e6329b7f3022bdb28884ae035
train/Capacete/103_jpg.rf.a56c3d9815c5a6c0fa178920de57eb95__obj002.png,Capacete,train,train/images/103_jpg.rf.a56c3d9815c5a6c0fa178920de57eb95.jpg,dcd5823fc38eda36eb4b2569f27fb9a720888bc5965acd56ef56bf1362ffb6d6,b4813e4378e3021749b06191c1589033391f76efc5a9c0f6c36e7446fc7c7496,2,115,109,180,223,False,65,114,ed25d8774eb835b2a44c2dd8c81ee4400b13f4859f47e93a3aebeb0db54e5230,5c9e7f3a8fbdeb2c6eae7168699b6477df5abd4482e63eaf9db9aad8e7ff9547
train/Capacete/103_jpg.rf.a56c3d9815c5a6c0fa178920de57eb95__obj003.png,Capacete,train,train/images/103_jpg.rf.a56c3d9815c5a6c0fa178920de57eb95.jpg,dcd5823fc38eda36eb4b2569f27fb9a720888bc5965acd56ef56bf1362ffb6d6,b4813e4378e3021749b06191c1589033391f76efc5a9c0f6c36e7446fc7c7496,3,162,135,256,241,False,94,106,9922f9ea1a8bb649091af80c95d7e301892b775f480377a5abf8492e93bc389e,1fdd36b026e68d1b20bbc45d4483218f5187c181e2425a36decbe5f80ce87463
train/Capacete/103_jpg.rf.a56c3d9815c5a6c0fa178920de57eb95__obj004.png,Capacete,train,train/images/103_jpg.rf.a56c3d9815c5a6c0fa178920de57eb95.jpg,dcd5823fc38eda36eb4b2569f27fb9a720888bc5965acd56ef56bf1362ffb6d6,b4813e4378e3021749b06191c1589033391f76efc5a9c0f6c36e7446fc7c7496,4,247,141,361,265,False,114,124,dafa83f5436f5ecc6a5cdb538726c07418953be1e66e68d585c0d79e71a9adca,c771c0ddf25e209b9ade6fcd1f488d49709b9dd2ce08ec7ec6f58efc54efa834
train/Capacete/103_jpg.rf.a56c3d9815c5a6c0fa178920de57eb95__obj005.png,Capacete,train,train/images/103_jpg.rf.a56c3d9815c5a6c0fa178920de57eb95.jpg,dcd5823fc38eda36eb4b2569f27fb9a720888bc5965acd56ef56bf1362ffb6d6,b4813e4378e3021749b06191c1589033391f76efc5a9c0f6c36e7446fc7c7496,5,492,118,576,208,False,84,90,d26a553d63de5b741534c1c09e17fae5ce2298f28f0c20a01a0f60bb33f3558e,da495a629622ab9158b71c2d976df1928f69c5c24d6b7ede288ee5169febf381
train/Capacete/103_jpg.rf.a56c3d9815c5a6c0fa178920de57eb95__obj006.png,Capacete,train,train/images/103_jpg.rf.a56c3d9815c5a6c0fa178920de57eb95.jpg,dcd5823fc38eda36eb4b2569f27fb9a720888bc5965acd56ef56bf1362ffb6d6,b4813e4378e3021749b06191c1589033391f76efc5a9c0f6c36e7446fc7c7496,6,394,169,481,248,False,87,79,afb913b2049a89449c71266047d3dfe9e23a3ef5ca759c0c55444fa11d889449,c6fa04183cf73fb698ea1acb1d3f1684d0481c51e0127a9082193f6948f00180
train/Capacete/103_jpg.rf.a56c3d9815c5a6c0fa178920de57eb95__obj007.png,Capacete,train,train/images/103_jpg.rf.a56c3d9815c5a6c0fa178920de57eb95.jpg,dcd5823fc38eda36eb4b2569f27fb9a720888bc5965acd56ef56bf1362ffb6d6,b4813e4378e3021749b06191c1589033391f76efc5a9c0f6c36e7446fc7c7496,7,459,75,529,160,False,70,85,8e6aae94634b6138be365f265e37c50de83967b7ec4479ae7c183eff6605aed3,1190e4509fea7330a027bd03c71481bd258c39a0d065dc6bcb95af4ef2ed6fa3
train/Colete/103_jpg.rf.a56c3d9815c5a6c0fa178920de57eb95__obj008.png,Colete,train,train/images/103_jpg.rf.a56c3d9815c5a6c0fa178920de57eb95.jpg,dcd5823fc38eda36eb4b2569f27fb9a720888bc5965acd56ef56bf1362ffb6d6,b4813e4378e3021749b06191c1589033391f76efc5a9c0f6c36e7446fc7c7496,8,26,233,157,574,False,131,341,66d677cc8fb31d7d1bc0e98fdcc93b67a9cc56063c89ac371c37d09ded49de57,b1a15e9c02753d3ebca639c6692f0ca7a72e79a244186c61749de95200169cbb
train/Colete/103_jpg.rf.a56c3d9815c5a6c0fa178920de57eb95__obj009.png,Colete,train,train/images/103_jpg.rf.a56c3d9815c5a6c0fa178920de57eb95.jpg,dcd5823fc38eda36eb4b2569f27fb9a720888bc5965acd56ef56bf1362ffb6d6,b4813e4378e3021749b06191c1589033391f76efc5a9c0f6c36e7446fc7c7496,9,166,270,300,638,False,134,368,d8c52341636e360ef08b2bfcb5d30f145209024cbdd6149d17b3825a5da69838,fc5a2a1a16ec3a32fa4910b49012e70664da4067bf0f90dd7d7996089810708f
train/Colete/103_jpg.rf.a56c3d9815c5a6c0fa178920de57eb95__obj010.png,Colete,train,train/images/103_jpg.rf.a56c3d9815c5a6c0fa178920de57eb95.jpg,dcd5823fc38eda36eb4b2569f27fb9a720888bc5965acd56ef56bf1362ffb6d6,b4813e4378e3021749b06191c1589033391f76efc5a9c0f6c36e7446fc7c7496,10,237,330,408,640,False,171,310,c6476879641f3e01653034cad3a955c3e0f84e181fbe8e0575d7b35d7f708e0a,508819754e768fb264b7a697ddb2a41eaf4d1cf185366d3f0f4c50a6ebe56401
train/Colete/103_jpg.rf.a56c3d9815c5a6c0fa178920de57eb95__obj011.png,Colete,train,train/images/103_jpg.rf.a56c3d9815c5a6c0fa178920de57eb95.jpg,dcd5823fc38eda36eb4b2569f27fb9a720888bc5965acd56ef56bf1362ffb6d6,b4813e4378e3021749b06191c1589033391f76efc5a9c0f6c36e7446fc7c7496,11,471,262,589,640,False,118,378,daca429ee8cb3d16f10ba0f0dd3292bb659a4c179b451d14dd371746b22a6b44,9b228d20246ccb9f070c54ca4746bd2815aeb0696cde4177aaada44b74ce201b
train/Colete/103_jpg.rf.a56c3d9815c5a6c0fa178920de57eb95__obj012.png,Colete,train,train/images/103_jpg.rf.a56c3d9815c5a6c0fa178920de57eb95.jpg,dcd5823fc38eda36eb4b2569f27fb9a720888bc5965acd56ef56bf1362ffb6d6,b4813e4378e3021749b06191c1589033391f76efc5a9c0f6c36e7446fc7c7496,12,395,278,485,490,False,90,212,6de6d6d82e536b806e29616433b2c7349ef4b35ce74196ad99069238548ee27c,d424f97a290b1e8587b2b70f1c4abb5acd1455e24e46c133b68f65b584671e7b
train/Pessoa/103_jpg.rf.a56c3d9815c5a6c0fa178920de57eb95__obj013.png,Pessoa,train,train/images/103_jpg.rf.a56c3d9815c5a6c0fa178920de57eb95.jpg,dcd5823fc38eda36eb4b2569f27fb9a720888bc5965acd56ef56bf1362ffb6d6,b4813e4378e3021749b06191c1589033391f76efc5a9c0f6c36e7446fc7c7496,13,17,87,151,640,False,134,553,93bef5964be7c1faa58710cd1237b6e6bdc27ce00929d37c031ad799abe3061b,ac9be65c805f67736a38ae5c1a0c08646a0054d3f17050624b022c77315a350e
train/Pessoa/103_jpg.rf.a56c3d9815c5a6c0fa178920de57eb95__obj014.png,Pessoa,train,train/images/103_jpg.rf.a56c3d9815c5a6c0fa178920de57eb95.jpg,dcd5823fc38eda36eb4b2569f27fb9a720888bc5965acd56ef56bf1362ffb6d6,b4813e4378e3021749b06191c1589033391f76efc5a9c0f6c36e7446fc7c7496,14,160,132,270,640,False,110,508,bfda4954b9226618eaede236c771c18b573f0652d6ac293cfbec017c28718c79,7ac106c3d35ce4d46d425f1e8ec4deab231447fc02f16569274a69566004da0d
train/Pessoa/103_jpg.rf.a56c3d9815c5a6c0fa178920de57eb95__obj015.png,Pessoa,train,train/images/103_jpg.rf.a56c3d9815c5a6c0fa178920de57eb95.jpg,dcd5823fc38eda36eb4b2569f27fb9a720888bc5965acd56ef56bf1362ffb6d6,b4813e4378e3021749b06191c1589033391f76efc5a9c0f6c36e7446fc7c7496,15,250,136,425,640,False,175,504,ce020d824fa32e8909bf15574fca6b83f5fa8839bbe95df8c8c010a764f048c2,b6773466eb189b3ef606a2ee00b35307cdfc1fa0850b56e49674716d1f179077
train/Pessoa/103_jpg.rf.a56c3d9815c5a6c0fa178920de57eb95__obj016.png,Pessoa,train,train/images/103_jpg.rf.a56c3d9815c5a6c0fa178920de57eb95.jpg,dcd5823fc38eda36eb4b2569f27fb9a720888bc5965acd56ef56bf1362ffb6d6,b4813e4378e3021749b06191c1589033391f76efc5a9c0f6c36e7446fc7c7496,16,471,92,603,640,False,132,548,9f18cd11cc05540e1e6a916cba8fb9941bb715ff3b4711441301e06e282f8c39,22630514d3884d386ff690d51c8c820671e3e8e462665a844a181d2f542964f7
train/Pessoa/103_jpg.rf.a56c3d9815c5a6c0fa178920de57eb95__obj017.png,Pessoa,train,train/images/103_jpg.rf.a56c3d9815c5a6c0fa178920de57eb95.jpg,dcd5823fc38eda36eb4b2569f27fb9a720888bc5965acd56ef56bf1362ffb6d6,b4813e4378e3021749b06191c1589033391f76efc5a9c0f6c36e7446fc7c7496,17,386,179,482,632,False,96,453,373bafe3de1118ec79b09809a1903655b2c7ab02a162a491ba1877d6a4e72390,d38396e4e90abf5cbcad7d49aa12a2451350511622a6792179c7a186dc212208
train/Pessoa/103_jpg.rf.a56c3d9815c5a6c0fa178920de57eb95__obj018.png,Pessoa,train,train/images/103_jpg.rf.a56c3d9815c5a6c0fa178920de57eb95.jpg,dcd5823fc38eda36eb4b2569f27fb9a720888bc5965acd56ef56bf1362ffb6d6,b4813e4378e3021749b06191c1589033391f76efc5a9c0f6c36e7446fc7c7496,18,563,155,640,639,False,77,484,3d5139edf293b8a4fdf0f2c5476e86f176532516d2c974e6f5351fd49e1ed519,8f8e64de13e31344c7985ddd93948e8def94c2360005ade32f8ee432240b4d4c
train/Colete/106_jpg.rf.af5b1060101b00fda3cbe16bf2dd37de__obj001.png,Colete,train,train/images/106_jpg.rf.af5b1060101b00fda3cbe16bf2dd37de.jpg,e7c389dae04adfd3556958287e1a73e2ab5045446225d8e7d68e17666039ca61,eac582e2ec28aa1481ee376e443bd8d71d9a7484e38e949f5acabd1e62f35111,1,41,259,197,474,False,156,215,99830808304b3137f5e3d88a761e0feddd9709f1902f77f46dc12e8da730b1e7,78ee4045b63506952d3ec8c4751473641345705f74f788e0c0f22474aa4eb3bc
train/Colete/106_jpg.rf.af5b1060101b00fda3cbe16bf2dd37de__obj002.png,Colete,train,train/images/106_jpg.rf.af5b1060101b00fda3cbe16bf2dd37de.jpg,e7c389dae04adfd3556958287e1a73e2ab5045446225d8e7d68e17666039ca61,eac582e2ec28aa1481ee376e443bd8d71d9a7484e38e949f5acabd1e62f35111,2,340,213,463,447,False,123,234,3a6f6241459799f113d556c21108c3816642318fa6904f9ea3608d4f4af040fc,c489693a5caa41819d2777db787ef8c3522ef3184c9fe830cc9ffbed34e2500b
train/Pessoa/106_jpg.rf.af5b1060101b00fda3cbe16bf2dd37de__obj003.png,Pessoa,train,train/images/106_jpg.rf.af5b1060101b00fda3cbe16bf2dd37de.jpg,e7c389dae04adfd3556958287e1a73e2ab5045446225d8e7d68e17666039ca61,eac582e2ec28aa1481ee376e443bd8d71d9a7484e38e949f5acabd1e62f35111,3,26,170,180,640,False,154,470,79d7f22b149689012d884ee9a1298f3620912fd730183b3f35fa1e9f30f7ffb1,6d221deea6f77b006157e1a3227074f0183e16f950bd1b9d8faf96443bb4841a
train/Pessoa/106_jpg.rf.af5b1060101b00fda3cbe16bf2dd37de__obj004.png,Pessoa,train,train/images/106_jpg.rf.af5b1060101b00fda3cbe16bf2dd37de.jpg,e7c389dae04adfd3556958287e1a73e2ab5045446225d8e7d68e17666039ca61,eac582e2ec28aa1481ee376e443bd8d71d9a7484e38e949f5acabd1e62f35111,4,335,133,470,639,False,135,506,2b8e9d93ad6065274f8c2337f4788f1e630875b73a732262634276ae7436afd4,e5117d546df04adbe3874bac6f82e42b2c81bee671ceae5e642882232a4a0e50
train/Pessoa/106_jpg.rf.af5b1060101b00fda3cbe16bf2dd37de__obj005.png,Pessoa,train,train/images/106_jpg.rf.af5b1060101b00fda3cbe16bf2dd37de.jpg,e7c389dae04adfd3556958287e1a73e2ab5045446225d8e7d68e17666039ca61,eac582e2ec28aa1481ee376e443bd8d71d9a7484e38e949f5acabd1e62f35111,5,489,420,583,637,False,94,217,0cc96c9bc343ef6e99d4a5ef2bda09b002cdacabde70043585302719257531f5,8082dba600997da1ece15f70058bbe6cc02113412d67d4b6547f216baeefa460
train/Pessoa/108_jpg.rf.d6d0e29a0d567426f6d42fd2ff8c6a57__obj001.png,Pessoa,train,train/images/108_jpg.rf.d6d0e29a0d567426f6d42fd2ff8c6a57.jpg,71105d722832ce8eca3a714d0defadfba4e96257534b0fbc0ab3ae2970f9ff3d,bb12c459fb7b1c775033fa0788e7b3c1efcd576b1312170dbbb53b5c1d1b0c49,1,420,280,577,568,False,157,288,b8b4cf76073004c1b0b26c2ea4334a296397b08ea1bb80898d67459ebaa51e56,5b3c76bfb2beffc03bd551cc881636b975576881ce0e5dbf6a825e9582e000ec
train/Pessoa/108_jpg.rf.d6d0e29a0d567426f6d42fd2ff8c6a57__obj002.png,Pessoa,train,train/images/108_jpg.rf.d6d0e29a0d567426f6d42fd2ff8c6a57.jpg,71105d722832ce8eca3a714d0defadfba4e96257534b0fbc0ab3ae2970f9ff3d,bb12c459fb7b1c775033fa0788e7b3c1efcd576b1312170dbbb53b5c1d1b0c49,2,90,71,332,510,False,242,439,322f70b740d4cc379c7bb26a2fed24558c31fdc5619c235747f178cdf8ea04ec,f97bb35b0a7bde7f279fdc2d55bd6695c7d9a821617cf4b3fb739b87b9158c37
train/Capacete/108_jpg.rf.d6d0e29a0d567426f6d42fd2ff8c6a57__obj003.png,Capacete,train,train/images/108_jpg.rf.d6d0e29a0d567426f6d42fd2ff8c6a57.jpg,71105d722832ce8eca3a714d0defadfba4e96257534b0fbc0ab3ae2970f9ff3d,bb12c459fb7b1c775033fa0788e7b3c1efcd576b1312170dbbb53b5c1d1b0c49,3,241,85,309,137,False,68,52,7018678a1b8f6a01438e36596930a56627ef35c48855910045dfe1f30b9f1fcd,56ad3cc6ad1bb548f58557ad7f92e315b7a90dbbb40d262492073f0d7c4c2640
train/Capacete/109_jpg.rf.98f548d5706c32cdf11b18dd804aa639__obj001.png,Capacete,train,train/images/109_jpg.rf.98f548d5706c32cdf11b18dd804aa639.jpg,31221ea322077cb5a0af5b21b0299c874eea94c58eef2bb67e610a3865e6126f,63303734d44f939ec24c926a828eb73792d893044ae16cfd826b7890f9da1389,1,425,31,639,257,False,214,226,dabdf5dd74cd2eb05548204674ee2f2336f8c26fd9c17878d97bc6bb98f76a8c,01414e06b935d122d305770bcd4fe3b1b60a1b3a9cd4769fcd92b9ff9ed0f0ce
train/Pessoa/109_jpg.rf.98f548d5706c32cdf11b18dd804aa639__obj002.png,Pessoa,train,train/images/109_jpg.rf.98f548d5706c32cdf11b18dd804aa639.jpg,31221ea322077cb5a0af5b21b0299c874eea94c58eef2bb67e610a3865e6126f,63303734d44f939ec24c926a828eb73792d893044ae16cfd826b7890f9da1389,2,283,37,640,640,False,357,603,748f0a8f39587573d89f055531c4b7894b96af05f97d576b4eb2c741f25cc456,a0afc18ac17d108829a21d88004fc8c141d46f3a814f016a8575966e2b5c1832
train/Capacete/10_jpg.rf.1099caa72a3633543340532f132c41c1__obj001.png,Capacete,train,train/images/10_jpg.rf.1099caa72a3633543340532f132c41c1.jpg,3372773b4066d5a8297d50df5a1638dcb01168b2e30ec4f49ceb4d58490a627c,15ce1b282fc03226c819844b05362f5bf39d8a29b17eafa1de79c698d7c24b2a,1,255,29,410,142,False,155,113,86eda6c0b0def09cf7398cd9b27e3653699e0fbe9f729827ec04b5e785c3d4cb,413ee7608ed57d47b200eab760df29d858e189da85d6631ccc4edb110f12c3cf
train/Colete/10_jpg.rf.1099caa72a3633543340532f132c41c1__obj002.png,Colete,train,train/images/10_jpg.rf.1099caa72a3633543340532f132c41c1.jpg,3372773b4066d5a8297d50df5a1638dcb01168b2e30ec4f49ceb4d58490a627c,15ce1b282fc03226c819844b05362f5bf39d8a29b17eafa1de79c698d7c24b2a,2,164,212,511,565,False,347,353,7f3f53004c69b88629dd9d2c18edf56bfe8534c87149bb43617c2d110828b1ca,7a037acef18181a989115aa4c2ef5166cd2dd233ec4097768ad38dd24eb33cdb
train/Pessoa/10_jpg.rf.1099caa72a3633543340532f132c41c1__obj003.png,Pessoa,train,train/images/10_jpg.rf.1099caa72a3633543340532f132c41c1.jpg,3372773b4066d5a8297d50df5a1638dcb01168b2e30ec4f49ceb4d58490a627c,15ce1b282fc03226c819844b05362f5bf39d8a29b17eafa1de79c698d7c24b2a,3,89,31,586,592,False,497,561,c432d372de7dff871ea4aaf62e2306d5b5fdbfcfcdf90d85d6376fd26f6fefbd,5d08ac2a8c9e6018de4b79f1bf7e2bcc5795cd5ae6b452cbc286511dee5eab93
train/Capacete/110_jpg.rf.dc0227ecf8ab3c7747ad94c064e505a6__obj001.png,Capacete,train,train/images/110_jpg.rf.dc0227ecf8ab3c7747ad94c064e505a6.jpg,9a79951a0013cb568fdd72c1e107e0872deb7540e884c549734af1ac5dac3797,f8a79619a03e8a662665358d278858760a826f8ca24a07e918177044594f72f7,1,316,113,356,154,False,40,41,51588a42991f5ee8837ec731be458cfe80857645fdf490ea82c8f36b211cd425,8a7998c0e9f952bc110babaf2b41bff493508128b1af9912f490eae388b7f27a
train/Capacete/110_jpg.rf.dc0227ecf8ab3c7747ad94c064e505a6__obj002.png,Capacete,train,train/images/110_jpg.rf.dc0227ecf8ab3c7747ad94c064e505a6.jpg,9a79951a0013cb568fdd72c1e107e0872deb7540e884c549734af1ac5dac3797,f8a79619a03e8a662665358d278858760a826f8ca24a07e918177044594f72f7,2,0,360,23,402,False,23,42,fe92228590cedb91a879a1793545072f1f310d5731cecb6832937e2934454f64,15e77a14d6390cc1619dca3686e74da5c5a2824f3c6b0d963d110bd079dbeb5d
train/Capacete/110_jpg.rf.dc0227ecf8ab3c7747ad94c064e505a6__obj003.png,Capacete,train,train/images/110_jpg.rf.dc0227ecf8ab3c7747ad94c064e505a6.jpg,9a79951a0013cb568fdd72c1e107e0872deb7540e884c549734af1ac5dac3797,f8a79619a03e8a662665358d278858760a826f8ca24a07e918177044594f72f7,3,93,344,125,377,False,32,33,9d0891ef59bae5de4179abe2053c53c73cb0f80a54166af4dc09ba66b4e2285c,21bc6d938b3fe62d375b318319a52da566690fe4d8c185d7f9ac378aee94f60c
train/Capacete/110_jpg.rf.dc0227ecf8ab3c7747ad94c064e505a6__obj004.png,Capacete,train,train/images/110_jpg.rf.dc0227ecf8ab3c7747ad94c064e505a6.jpg,9a79951a0013cb568fdd72c1e107e0872deb7540e884c549734af1ac5dac3797,f8a79619a03e8a662665358d278858760a826f8ca24a07e918177044594f72f7,4,230,396,248,431,False,18,35,4fb449bb478047874ecaed11e7753711eb74c6c644abd01ad0e8a6b7b9c64b18,beb330cefd98fec30116db284bbedd395efd6dd42bb799939bca178d35a0b40e
train/Capacete/110_jpg.rf.dc0227ecf8ab3c7747ad94c064e505a6__obj005.png,Capacete,train,train/images/110_jpg.rf.dc0227ecf8ab3c7747ad94c064e505a6.jpg,9a79951a0013cb568fdd72c1e107e0872deb7540e884c549734af1ac5dac3797,f8a79619a03e8a662665358d278858760a826f8ca24a07e918177044594f72f7,5,250,403,265,435,False,15,32,b19c4201612a4083df701fa18026cec688d6ac96756d91eafa6e22b59eecb865,e758700391b5be2d869b139a8e48945cf8c2062d7e51d311ce6a147023c40da8
train/Capacete/110_jpg.rf.dc0227ecf8ab3c7747ad94c064e505a6__obj007.png,Capacete,train,train/images/110_jpg.rf.dc0227ecf8ab3c7747ad94c064e505a6.jpg,9a79951a0013cb568fdd72c1e107e0872deb7540e884c549734af1ac5dac3797,f8a79619a03e8a662665358d278858760a826f8ca24a07e918177044594f72f7,7,254,473,285,517,False,31,44,b1729d3526753d2f22636d7cc96abc4bb6609a524df80e99e6a62969106795e2,ecd78a40ae1a398e3873cc276ff9a02871868e8e48f28cd7694f7cb2c02e903d
train/Capacete/110_jpg.rf.dc0227ecf8ab3c7747ad94c064e505a6__obj008.png,Capacete,train,train/images/110_jpg.rf.dc0227ecf8ab3c7747ad94c064e505a6.jpg,9a79951a0013cb568fdd72c1e107e0872deb7540e884c549734af1ac5dac3797,f8a79619a03e8a662665358d278858760a826f8ca24a07e918177044594f72f7,8,322,469,348,519,False,26,50,67478df9a70899b1073b96cb99bdf64389fbd99cd3040201e1b3c4f984559993,33c550dd67f666bd05ca80afa0c087156d3abe09a1a760d99e1295e052ed7e74
train/Capacete/110_jpg.rf.dc0227ecf8ab3c7747ad94c064e505a6__obj009.png,Capacete,train,train/images/110_jpg.rf.dc0227ecf8ab3c7747ad94c064e505a6.jpg,9a79951a0013cb568fdd72c1e107e0872deb7540e884c549734af1ac5dac3797,f8a79619a03e8a662665358d278858760a826f8ca24a07e918177044594f72f7,9,559,321,586,368,False,27,47,f8eb2a41448de874e2d5a61e7d06bad935a9bf486aef614fe2b43adc2358dfc2,74839ffc935313970637f019eae985068c7c4e7ef8847856e4dc227aebb42d79
train/Pessoa/110_jpg.rf.dc0227ecf8ab3c7747ad94c064e505a6__obj010.png,Pessoa,train,train/images/110_jpg.rf.dc0227ecf8ab3c7747ad94c064e505a6.jpg,9a79951a0013cb568fdd72c1e107e0872deb7540e884c549734af1ac5dac3797,f8a79619a03e8a662665358d278858760a826f8ca24a07e918177044594f72f7,10,0,353,43,626,False,43,273,3792c51a7f6122f04be435ef25c6be09dc061ddf8f4e9588935da19a2fb1f89b,b8dfbaa9183432f33a4652ef8d037e6be58328eff0a383d059eeea5cd3312529
train/Pessoa/110_jpg.rf.dc0227ecf8ab3c7747ad94c064e505a6__obj011.png,Pessoa,train,train/images/110_jpg.rf.dc0227ecf8ab3c7747ad94c064e505a6.jpg,9a79951a0013cb568fdd72c1e107e0872deb7540e884c549734af1ac5dac3797,f8a79619a03e8a662665358d278858760a826f8ca24a07e918177044594f72f7,11,77,344,145,620,False,68,276,c9b484edb0854f59208a41daab002028acb1c29b561ca14967d4bb31b0f25244,2e33c264dcf798787e5e6a67a0a7546e69808a07931c2bc94a868beeb02db11b
train/Pessoa/110_jpg.rf.dc0227ecf8ab3c7747ad94c064e505a6__obj012.png,Pessoa,train,train/images/110_jpg.rf.dc0227ecf8ab3c7747ad94c064e505a6.jpg,9a79951a0013cb568fdd72c1e107e0872deb7540e884c549734af1ac5dac3797,f8a79619a03e8a662665358d278858760a826f8ca24a07e918177044594f72f7,12,221,398,270,557,False,49,159,cf4ba3b6f9767d321d771978c4ee5981a9ab22489b0fb6c03146dcab6747b27a,fb878859d44a8160542f5b940923a35513930d5a305cc3ed7488c0629096a7b0
train/Pessoa/110_jpg.rf.dc0227ecf8ab3c7747ad94c064e505a6__obj013.png,Pessoa,train,train/images/110_jpg.rf.dc0227ecf8ab3c7747ad94c064e505a6.jpg,9a79951a0013cb568fdd72c1e107e0872deb7540e884c549734af1ac5dac3797,f8a79619a03e8a662665358d278858760a826f8ca24a07e918177044594f72f7,13,237,468,295,640,False,58,172,3dabc077e1887a797ffe95f8a6d85a02fa7474d8427343fbff82add18538829d,c844250487bc3513f0652b760853b747a5d1c14479410b1a0c96457b3e8fba67
train/Pessoa/110_jpg.rf.dc0227ecf8ab3c7747ad94c064e505a6__obj014.png,Pessoa,train,train/images/110_jpg.rf.dc0227ecf8ab3c7747ad94c064e505a6.jpg,9a79951a0013cb568fdd72c1e107e0872deb7540e884c549734af1ac5dac3797,f8a79619a03e8a662665358d278858760a826f8ca24a07e918177044594f72f7,14,295,467,343,640,False,48,173,eeb520f99dc20f7300ebd65376c4ee417f83b8809f1427f4bc98c09f496aa55e,1fc1b92c6bdfbaef360a2360acb1eae2e3cdd6d5125382f80261bc285a6d57b5
train/Pessoa/110_jpg.rf.dc0227ecf8ab3c7747ad94c064e505a6__obj015.png,Pessoa,train,train/images/110_jpg.rf.dc0227ecf8ab3c7747ad94c064e505a6.jpg,9a79951a0013cb568fdd72c1e107e0872deb7540e884c549734af1ac5dac3797,f8a79619a03e8a662665358d278858760a826f8ca24a07e918177044594f72f7,15,473,282,549,640,False,76,358,dd267515f0fd0eb0ebd3bf8a036e85174f06a270da06b73bbe3678d41634f547,172b2d7061d4d69bccd1b2e6e66e05c7389623d6afdda1ce4d79ff63ad80f50d
train/Pessoa/110_jpg.rf.dc0227ecf8ab3c7747ad94c064e505a6__obj016.png,Pessoa,train,train/images/110_jpg.rf.dc0227ecf8ab3c7747ad94c064e505a6.jpg,9a79951a0013cb568fdd72c1e107e0872deb7540e884c549734af1ac5dac3797,f8a79619a03e8a662665358d278858760a826f8ca24a07e918177044594f72f7,16,528,312,605,640,False,77,328,ee3883f7903d8389ac0bc12a6730d0454135260a2748b5b28fe357ed75cf6cca,8a075584bc03acae95329ff8d8201a1826b6eb0d85d1fa92e869b93daa980d3a
train/Pessoa/110_jpg.rf.dc0227ecf8ab3c7747ad94c064e505a6__obj017.png,Pessoa,train,train/images/110_jpg.rf.dc0227ecf8ab3c7747ad94c064e505a6.jpg,9a79951a0013cb568fdd72c1e107e0872deb7540e884c549734af1ac5dac3797,f8a79619a03e8a662665358d278858760a826f8ca24a07e918177044594f72f7,17,516,0,595,341,False,79,341,c462e2bcd21ea63252cd8032297e0e97db49b65c6cc4c48e7079c62e5433a9ba,803ddfecd95b1b672d0dfb4605e64c6b3909dd04cc9423bb69c395c4ecbde3fd
train/Pessoa/110_jpg.rf.dc0227ecf8ab3c7747ad94c064e505a6__obj018.png,Pessoa,train,train/images/110_jpg.rf.dc0227ecf8ab3c7747ad94c064e505a6.jpg,9a79951a0013cb568fdd72c1e107e0872deb7540e884c549734af1ac5dac3797,f8a79619a03e8a662665358d278858760a826f8ca24a07e918177044594f72f7,18,274,102,379,405,False,105,303,0faeafef7f3382f76ac38dda64fdc46dabde85a2ef0f5062f6d70e3885693614,4a62ceaf2d0f6b8a583c3204c1d7daa80efc97ad4121ec34c14ca98d2402b529
train/Colete/110_jpg.rf.dc0227ecf8ab3c7747ad94c064e505a6__obj019.png,Colete,train,train/images/110_jpg.rf.dc0227ecf8ab3c7747ad94c064e505a6.jpg,9a79951a0013cb568fdd72c1e107e0872deb7540e884c549734af1ac5dac3797,f8a79619a03e8a662665358d278858760a826f8ca24a07e918177044594f72f7,19,82,388,136,499,False,54,111,efa3ada5fae463dc5143e86b2956b5241f1ba395fc546deae14f87c31c4cbf0d,fcabf97b696ce8938bd97f0dc2a650bdadff9388e8d95ae93be844c3f57742ee
train/Colete/110_jpg.rf.dc0227ecf8ab3c7747ad94c064e505a6__obj020.png,Colete,train,train/images/110_jpg.rf.dc0227ecf8ab3c7747ad94c064e505a6.jpg,9a79951a0013cb568fdd72c1e107e0872deb7540e884c549734af1ac5dac3797,f8a79619a03e8a662665358d278858760a826f8ca24a07e918177044594f72f7,20,240,531,294,640,False,54,109,c93e0be7eeb1eae0cb1dd22cd21566a100bba48c7f624709a0d3662333decc94,b46f3ab4b7ae143b4745c5466c14a9f9ff4d581af918301d3eee99c938fbd596
train/Colete/110_jpg.rf.dc0227ecf8ab3c7747ad94c064e505a6__obj021.png,Colete,train,train/images/110_jpg.rf.dc0227ecf8ab3c7747ad94c064e505a6.jpg,9a79951a0013cb568fdd72c1e107e0872deb7540e884c549734af1ac5dac3797,f8a79619a03e8a662665358d278858760a826f8ca24a07e918177044594f72f7,21,291,493,343,624,False,52,131,8bb0b33bb480e111668be05430475e3194656f4572de93dfc0faf8e9717b3492,03334787a531741746e06a408019445b8f03db8abf0caf93e6849911f3f75902
train/Colete/110_jpg.rf.dc0227ecf8ab3c7747ad94c064e505a6__obj022.png,Colete,train,train/images/110_jpg.rf.dc0227ecf8ab3c7747ad94c064e505a6.jpg,9a79951a0013cb568fdd72c1e107e0872deb7540e884c549734af1ac5dac3797,f8a79619a03e8a662665358d278858760a826f8ca24a07e918177044594f72f7,22,224,429,267,527,False,43,98,fb7f2d3e940206718b731d697d490b5a49b96a847068028f5fcf1dc0222d016c,d4f8e263fcc608cbfe2e40534094bf5495ca397a11fec2d30a0c14f4932b4287
train/Colete/110_jpg.rf.dc0227ecf8ab3c7747ad94c064e505a6__obj023.png,Colete,train,train/images/110_jpg.rf.dc0227ecf8ab3c7747ad94c064e505a6.jpg,9a79951a0013cb568fdd72c1e107e0872deb7540e884c549734af1ac5dac3797,f8a79619a03e8a662665358d278858760a826f8ca24a07e918177044594f72f7,23,513,7,573,128,False,60,121,2a636237d78f7565b9f625edd59cb62881b53d8d54f3bc87fff21d2e0ed96148,54befa30a33aa90b60891d31ec7681f998a6578b0c5a955362463f87a6183460
train/Capacete/111_jpg.rf.908efdbeb7280c94a007978fe634f103__obj001.png,Capacete,train,train/images/111_jpg.rf.908efdbeb7280c94a007978fe634f103.jpg,bf22e6bcecc513be92c374433b9b17b134c3e93370d8a5262066eb7ab0cf9a41,32b28603af1532729db8ee4aecff84375fcc0745fd0537f94a83e0292c9d6cfa,1,250,12,390,144,False,140,132,ae993053953f443a89838d64db4a8b692f14ae818af22aad42a937abb5877129,e0a1e4ac3d20f8904c4c000657ab2c72ac6875d0896b965d9b52375661ab87af
train/Colete/111_jpg.rf.908efdbeb7280c94a007978fe634f103__obj002.png,Colete,train,train/images/111_jpg.rf.908efdbeb7280c94a007978fe634f103.jpg,bf22e6bcecc513be92c374433b9b17b134c3e93370d8a5262066eb7ab0cf9a41,32b28603af1532729db8ee4aecff84375fcc0745fd0537f94a83e0292c9d6cfa,2,213,270,445,640,False,232,370,199907e8a18e71a3ae7ee637e78513a08d58d027feb0dcbee31ae5e47402ae36,f3c5563a80d59fcf866bffb366a51db5593284c4f9da3c06a355e3acd497b634
train/Pessoa/111_jpg.rf.908efdbeb7280c94a007978fe634f103__obj003.png,Pessoa,train,train/images/111_jpg.rf.908efdbeb7280c94a007978fe634f103.jpg,bf22e6bcecc513be92c374433b9b17b134c3e93370d8a5262066eb7ab0cf9a41,32b28603af1532729db8ee4aecff84375fcc0745fd0537f94a83e0292c9d6cfa,3,175,5,460,640,False,285,635,fc33adf6a341713875e115855fbd98b1ae61a452fac28b2322d5185cc17950cf,dbd3adffc95e9e487f5b3b1e13ac18cf640d4befa0934fd561352937fe571cc2
train/Colete/114_jpg.rf.841eb6bcbb5e7812aea904bced2d54c6__obj001.png,Colete,train,train/images/114_jpg.rf.841eb6bcbb5e7812aea904bced2d54c6.jpg,3b4d3a382ba29c0091ad754066d823f9edfe71015734b81baa05012c0d06edf6,8ea7d797054f8d075ec73c74e03776989a279f3b7a743577b96230ddd7d5ea2a,1,369,261,416,375,False,47,114,62e1a29abaeabfff1d19b7dde324964fce30cd8e3dd089b2d66de9bf7af7fe80,6bf9ab7f7e83a2254d12eab509c9229c9028124fb50d10879822962b5a9bd2ff
train/Colete/114_jpg.rf.841eb6bcbb5e7812aea904bced2d54c6__obj002.png,Colete,train,train/images/114_jpg.rf.841eb6bcbb5e7812aea904bced2d54c6.jpg,3b4d3a382ba29c0091ad754066d823f9edfe71015734b81baa05012c0d06edf6,8ea7d797054f8d075ec73c74e03776989a279f3b7a743577b96230ddd7d5ea2a,2,407,258,463,377,False,56,119,cc659c2e3832f341384f6ab1ba7e5db6a8a6aa6abfdedd7b0c3eb1f38567e754,b452793cafdb928b8f2609fa27cc347c6eae1eb596484b9b78bc437a4dfc8837
train/Pessoa/114_jpg.rf.841eb6bcbb5e7812aea904bced2d54c6__obj003.png,Pessoa,train,train/images/114_jpg.rf.841eb6bcbb5e7812aea904bced2d54c6.jpg,3b4d3a382ba29c0091ad754066d823f9edfe71015734b81baa05012c0d06edf6,8ea7d797054f8d075ec73c74e03776989a279f3b7a743577b96230ddd7d5ea2a,3,365,225,421,527,False,56,302,e2fcb7143b1680d0e7d440a4c84af7d5e0e42cb9053e6556c8ac3ef0257c0f82,2b84c22c96d206ffcf7efbb5acb0f61619776df3be0ce9909cdbcb1bda54a800
train/Pessoa/114_jpg.rf.841eb6bcbb5e7812aea904bced2d54c6__obj004.png,Pessoa,train,train/images/114_jpg.rf.841eb6bcbb5e7812aea904bced2d54c6.jpg,3b4d3a382ba29c0091ad754066d823f9edfe71015734b81baa05012c0d06edf6,8ea7d797054f8d075ec73c74e03776989a279f3b7a743577b96230ddd7d5ea2a,4,413,206,473,511,False,60,305,69c1f0033fd6c626e56593e7468f68017a4651696413fb04cc46347fe3f1d207,749e6556b6f8c510dd7941880bf7f398c54198a7a752e5f4575bfeae28a080a8
train/Pessoa/114_jpg.rf.841eb6bcbb5e7812aea904bced2d54c6__obj005.png,Pessoa,train,train/images/114_jpg.rf.841eb6bcbb5e7812aea904bced2d54c6.jpg,3b4d3a382ba29c0091ad754066d823f9edfe71015734b81baa05012c0d06edf6,8ea7d797054f8d075ec73c74e03776989a279f3b7a743577b96230ddd7d5ea2a,5,445,242,538,640,False,93,398,a9b1b45b29627978eaca1ccb775b02136bc19f2c758cef57ea52492d53a2b492,da86c80dea0699765df0fb2baa3ce370ffe419514b889e58c7108e6e03438d33
train/Pessoa/114_jpg.rf.841eb6bcbb5e7812aea904bced2d54c6__obj006.png,Pessoa,train,train/images/114_jpg.rf.841eb6bcbb5e7812aea904bced2d54c6.jpg,3b4d3a382ba29c0091ad754066d823f9edfe71015734b81baa05012c0d06edf6,8ea7d797054f8d075ec73c74e03776989a279f3b7a743577b96230ddd7d5ea2a,6,0,240,57,559,False,57,319,0e95a4778e9053aac824b98b1494865263056b71745b77726c0c2f12635f92ca,7b197fa38ee6de0adcb90388fd93cde12e8194521633d21ab8d943dfd6f6aa30
train/Pessoa/114_jpg.rf.841eb6bcbb5e7812aea904bced2d54c6__obj007.png,Pessoa,train,train/images/114_jpg.rf.841eb6bcbb5e7812aea904bced2d54c6.jpg,3b4d3a382ba29c0091ad754066d823f9edfe71015734b81baa05012c0d06edf6,8ea7d797054f8d075ec73c74e03776989a279f3b7a743577b96230ddd7d5ea2a,7,105,239,158,476,False,53,237,20ec88bd52f9f4f03c6298892cd18fdb86fb8ea0b7eeca61efdefa5f7fb2d659,bb8eb7f2b209f1f5b46c57f65666b0df45f8df6086593e41a711c32b6f1d7862
train/Pessoa/114_jpg.rf.841eb6bcbb5e7812aea904bced2d54c6__obj008.png,Pessoa,train,train/images/114_jpg.rf.841eb6bcbb5e7812aea904bced2d54c6.jpg,3b4d3a382ba29c0091ad754066d823f9edfe71015734b81baa05012c0d06edf6,8ea7d797054f8d075ec73c74e03776989a279f3b7a743577b96230ddd7d5ea2a,8,51,256,109,478,False,58,222,e93636c156c66d46e54d556c094eb25daf20ae78f53a2670889e772bdd6f75ac,0ce4fda11dd3d57ebc2009ab9c04c00437f6d7b95abb33b2cfc838d83091be4e
train/Pessoa/114_jpg.rf.841eb6bcbb5e7812aea904bced2d54c6__obj009.png,Pessoa,train,train/images/114_jpg.rf.841eb6bcbb5e7812aea904bced2d54c6.jpg,3b4d3a382ba29c0091ad754066d823f9edfe71015734b81baa05012c0d06edf6,8ea7d797054f8d075ec73c74e03776989a279f3b7a743577b96230ddd7d5ea2a,9,132,208,164,377,False,32,169,5ca5292778851d452983e71caae3a9d1fc730b38db7d7afd24fe2af0290547ae,946b88b372f24b1e84e731cc8e51969b11b03a1cda41e9b8d263818188c64238
train/Pessoa/114_jpg.rf.841eb6bcbb5e7812aea904bced2d54c6__obj010.png,Pessoa,train,train/images/114_jpg.rf.841eb6bcbb5e7812aea904bced2d54c6.jpg,3b4d3a382ba29c0091ad754066d823f9edfe71015734b81baa05012c0d06edf6,8ea7d797054f8d075ec73c74e03776989a279f3b7a743577b96230ddd7d5ea2a,10,175,225,200,337,False,25,112,04e68c416c042166e787e6b36c20885d63ef2543cbc83733cad72e07d8cb0c37,150060fb87403c31d0a73d6c6b617576ab5399b36c79ca8645257e862a2d891b
train/Pessoa/114_jpg.rf.841eb6bcbb5e7812aea904bced2d54c6__obj011.png,Pessoa,train,train/images/114_jpg.rf.841eb6bcbb5e7812aea904bced2d54c6.jpg,3b4d3a382ba29c0091ad754066d823f9edfe71015734b81baa05012c0d06edf6,8ea7d797054f8d075ec73c74e03776989a279f3b7a743577b96230ddd7d5ea2a,11,240,220,279,342,False,39,122,17a83d293f9cf84e67bfca59b674b2a696f6cc903b461ebfa1d79f4c735aa6a4,8ead20f0f29c5c13366fd528035eb1fd7dfa66315d77dce6074a0088fd17153b
train/Pessoa/114_jpg.rf.841eb6bcbb5e7812aea904bced2d54c6__obj012.png,Pessoa,train,train/images/114_jpg.rf.841eb6bcbb5e7812aea904bced2d54c6.jpg,3b4d3a382ba29c0091ad754066d823f9edfe71015734b81baa05012c0d06edf6,8ea7d797054f8d075ec73c74e03776989a279f3b7a743577b96230ddd7d5ea2a,12,340,191,377,331,False,37,140,05cbb6958f70f3ebd5b05655ff6044609e26c7b9ea208dd50cee92f69f805627,fd08487be76cb7597a2de94b86742f76db01892ab5688e300b0ceaa441fb19f6
train/Pessoa/114_jpg.rf.841eb6bcbb5e7812aea904bced2d54c6__obj013.png,Pessoa,train,train/images/114_jpg.rf.841eb6bcbb5e7812aea904bced2d54c6.jpg,3b4d3a382ba29c0091ad754066d823f9edfe71015734b81baa05012c0d06edf6,8ea7d797054f8d075ec73c74e03776989a279f3b7a743577b96230ddd7d5ea2a,13,100,220,115,306,False,15,86,2602e154ee805aefc3f16d5b833c613aca759871f87c327b4c061d8cc93702a8,33b62f056751023daff654a0561028cd9bff93f2b0973bae6deb3ccebe1eaca1
train/Capacete/117_jpg.rf.ad9d8225d70b39d0521b36882fef082d__obj001.png,Capacete,train,train/images/117_jpg.rf.ad9d8225d70b39d0521b36882fef082d.jpg,0376d8a31e96062facdaf34bb85114d9c00e75e71e7ed15174ca815e4696be9f,a6f21198ab396c591bc362f1284864ef6772d4d28ca654313c6f277594f778eb,1,411,343,464,389,False,53,46,aaafcef137fe4903cd32572d72cf5321f1a565df131680a4eceb1bafadd41073,157cdc45bfc56518c2b9a960821b8dca5610986e9dcd2ae59a1f125aa6b61f2b
train/Pessoa/117_jpg.rf.ad9d8225d70b39d0521b36882fef082d__obj002.png,Pessoa,train,train/images/117_jpg.rf.ad9d8225d70b39d0521b36882fef082d.jpg,0376d8a31e96062facdaf34bb85114d9c00e75e71e7ed15174ca815e4696be9f,a6f21198ab396c591bc362f1284864ef6772d4d28ca654313c6f277594f778eb,2,365,340,495,639,False,130,299,208fe4ff39b67082df0f25f5d43f6f5fe53d5d539a41843416ed7b1135acec83,5f384677d8109c011253950fd230a099aaa9502d527d30ab673d2755598739bd
train/Capacete/11_jpg.rf.171aff570782947759637d33fab1a7ba__obj001.png,Capacete,train,train/images/11_jpg.rf.171aff570782947759637d33fab1a7ba.jpg,2b4cdcc3454270cd55f9a93a79d1816a0c97a2e0de995ef12602f1e16d6d3ac5,9d3facdd47e819c1d2e9b0b89ee27fc804e1515b374e60d8965ea64f8a9265a2,1,196,209,256,255,False,60,46,3a39f28ca273d4c4ed4529a8afd19376a4e0b20874f5006093c0af60a51f762b,4d1b64cb34cbed37b1d4a7e522c0c43b98cbc77e153ca1a0c60b30a7101c6913
train/Colete/11_jpg.rf.171aff570782947759637d33fab1a7ba__obj002.png,Colete,train,train/images/11_jpg.rf.171aff570782947759637d33fab1a7ba.jpg,2b4cdcc3454270cd55f9a93a79d1816a0c97a2e0de995ef12602f1e16d6d3ac5,9d3facdd47e819c1d2e9b0b89ee27fc804e1515b374e60d8965ea64f8a9265a2,2,147,289,271,404,False,124,115,b76bc36a40abaee7cd333463eb791b9f059529f97d28683c3cd8f9aa1a73a79f,bd3161b6ab3a1e757f76f8cd2989d583ed8b18f8942e5af702b8867cfc0cdc8b
train/Pessoa/11_jpg.rf.171aff570782947759637d33fab1a7ba__obj003.png,Pessoa,train,train/images/11_jpg.rf.171aff570782947759637d33fab1a7ba.jpg,2b4cdcc3454270cd55f9a93a79d1816a0c97a2e0de995ef12602f1e16d6d3ac5,9d3facdd47e819c1d2e9b0b89ee27fc804e1515b374e60d8965ea64f8a9265a2,3,120,209,312,445,False,192,236,b205267a3410e07815094d9f59d20c8781e5749f819076e4227f26ea178d94cb,3108528e8de03c465cac1fbc2367cf2fcffb867187726bd51e2d2e0d4a883e13
train/Capacete/120_jpg.rf.47e12edd28984657e328de775a07cfe2__obj001.png,Capacete,train,train/images/120_jpg.rf.47e12edd28984657e328de775a07cfe2.jpg,5a7f95e400758b9a65bb8e2f1caa0182ce06069efe4a96414bf232f14a886986,ac73b4d90ad08cea6ff68342a37ed9455908d895b70c82258a95525f17017a18,1,295,125,402,211,False,107,86,8825c19f60ea224a4e0088e270332a8c07f32f5bcb54495a190f5c35c9fa5d7e,042eadf759a04c9af304137b1e1d389abaceb51e9fa0e82e46eeae1d8dad7e66
train/Colete/120_jpg.rf.47e12edd28984657e328de775a07cfe2__obj002.png,Colete,train,train/images/120_jpg.rf.47e12edd28984657e328de775a07cfe2.jpg,5a7f95e400758b9a65bb8e2f1caa0182ce06069efe4a96414bf232f14a886986,ac73b4d90ad08cea6ff68342a37ed9455908d895b70c82258a95525f17017a18,2,225,273,410,582,False,185,309,e55891f2b930085a989d41964f68902caab0457d304e52c6855065ba06c448ff,08e6a8cafea66d79cf3d961beace669f124cedaf06936c41dc9d53dfecb9a8d3
train/Pessoa/120_jpg.rf.47e12edd28984657e328de775a07cfe2__obj003.png,Pessoa,train,train/images/120_jpg.rf.47e12edd28984657e328de775a07cfe2.jpg,5a7f95e400758b9a65bb8e2f1caa0182ce06069efe4a96414bf232f14a886986,ac73b4d90ad08cea6ff68342a37ed9455908d895b70c82258a95525f17017a18,3,224,122,419,583,False,195,461,27bb2adcc074d9d43b4b10756d119a919e6815b3aad27047fef63e75344b5889,2018df63c4e6230aae0dcf03778b1906080078b627b19274fdef92488ea2d523
train/Colete/121_jpg.rf.5dee7a6dfe2f4110d56e4731e21be820__obj001.png,Colete,train,train/images/121_jpg.rf.5dee7a6dfe2f4110d56e4731e21be820.jpg,00c0c358cf4afc504e87dc64de421e49a73ddc0dfae80417a7fc4e2700253946,8dd5edd280f5ebbadc8d36fc8309c90f16ef8dcf1b013cbbaa423316e9fa20db,1,345,238,542,636,False,197,398,d9c1922a4d15405d50420d459a17542b89ed726b6cd79b6a3604ebe98776aad6,ae4934dbd88eb0171660fbb5bb29cbc6b40540f0624d4dc3aae1877da8f822a9
train/Pessoa/121_jpg.rf.5dee7a6dfe2f4110d56e4731e21be820__obj002.png,Pessoa,train,train/images/121_jpg.rf.5dee7a6dfe2f4110d56e4731e21be820.jpg,00c0c358cf4afc504e87dc64de421e49a73ddc0dfae80417a7fc4e2700253946,8dd5edd280f5ebbadc8d36fc8309c90f16ef8dcf1b013cbbaa423316e9fa20db,2,256,5,564,640,False,308,635,2a581eeeb2abe5cd1676481a7ef49e4bd9102d699e17f7934a9312fafc0d4f84,006d866fd33dedeef41ab23ffd45749b724e391b064fd4548263d27da30a3aa4
train/Pessoa/121_jpg.rf.5dee7a6dfe2f4110d56e4731e21be820__obj003.png,Pessoa,train,train/images/121_jpg.rf.5dee7a6dfe2f4110d56e4731e21be820.jpg,00c0c358cf4afc504e87dc64de421e49a73ddc0dfae80417a7fc4e2700253946,8dd5edd280f5ebbadc8d36fc8309c90f16ef8dcf1b013cbbaa423316e9fa20db,3,175,247,464,640,False,289,393,643b1b68f1b9d66531ae723c2b3328692f7289467c43e8dd2d5ca61b52c4e2cf,4fc031ad8770c726f18efaba53362e5f35aeb842bee48f4ab9a97ce9c32d3778
train/Capacete/122_jpg.rf.a29c22ef6a0b6fe18d563077c84da5a9__obj001.png,Capacete,train,train/images/122_jpg.rf.a29c22ef6a0b6fe18d563077c84da5a9.jpg,9b2ce694a58b1457835dfa1e61a010d8affa3431f08664fd98d0658fd2289ba1,d17be1d10fdac7a22f499441cdc8e1002858d057acb66131d38a5d7e62fb3ce1,1,139,15,336,221,False,197,206,a1f21943e007220a4fc2b79eaa63f0a62f18f3a4e29c6f9e70e11c4440867877,e462cac53dc95b7f93419ae7c69521deb21f07b692783f37a46c3e669e32f658
train/Pessoa/122_jpg.rf.a29c22ef6a0b6fe18d563077c84da5a9__obj002.png,Pessoa,train,train/images/122_jpg.rf.a29c22ef6a0b6fe18d563077c84da5a9.jpg,9b2ce694a58b1457835dfa1e61a010d8affa3431f08664fd98d0658fd2289ba1,d17be1d10fdac7a22f499441cdc8e1002858d057acb66131d38a5d7e62fb3ce1,2,55,0,468,640,False,413,640,e8be861705a918daf6dee2976f86de6f53c36dd1a8e805410a4a9477ce5d0cdf,23612b5ce15f1a11368e987c4c5ea5c92954d95510d8a2464ea04197d00c68e7
train/Capacete/122_jpg.rf.a29c22ef6a0b6fe18d563077c84da5a9__obj003.png,Capacete,train,train/images/122_jpg.rf.a29c22ef6a0b6fe18d563077c84da5a9.jpg,9b2ce694a58b1457835dfa1e61a010d8affa3431f08664fd98d0658fd2289ba1,d17be1d10fdac7a22f499441cdc8e1002858d057acb66131d38a5d7e62fb3ce1,3,484,455,504,492,False,20,37,9f13caa59f316412b821e0ad8c1a5b09f2dc8c116ec1644db1af6652a9aa9d89,7de304c4df266fa874bc61523b80d2df16e4462675e93fce52023a86b28c2d3b
train/Pessoa/122_jpg.rf.a29c22ef6a0b6fe18d563077c84da5a9__obj004.png,Pessoa,train,train/images/122_jpg.rf.a29c22ef6a0b6fe18d563077c84da5a9.jpg,9b2ce694a58b1457835dfa1e61a010d8affa3431f08664fd98d0658fd2289ba1,d17be1d10fdac7a22f499441cdc8e1002858d057acb66131d38a5d7e62fb3ce1,4,484,456,533,597,False,49,141,6b0b5cdbbb97b9fce7296d7bb67034695741c9ce047a530373384b6bb8da1e01,b7cc0ba56bbcb2781f637993b545f04e3eb8a498ccf1b3f43b2565e6602737cc
train/Capacete/123_jpg.rf.222d84393cf6842e0f962b15c1100dfa__obj001.png,Capacete,train,train/images/123_jpg.rf.222d84393cf6842e0f962b15c1100dfa.jpg,d779e1f59bd2e94e07dba297959fe1912dc5bea8819b562923aafaf3c421b778,7dee05785b67f78ea8e64b4b2e2c974308946f11959b43b8fc94a2038ec91b63,1,176,21,278,109,False,102,88,b2f600fbd3eceaae03fb4ca2324701b95db7f5ee4c2fb6b20658db84d88f0c2c,6f98fb655e3b0621be0be6249fda21c4e537531561e84e112240f15269435b92
train/Colete/123_jpg.rf.222d84393cf6842e0f962b15c1100dfa__obj002.png,Colete,train,train/images/123_jpg.rf.222d84393cf6842e0f962b15c1100dfa.jpg,d779e1f59bd2e94e07dba297959fe1912dc5bea8819b562923aafaf3c421b778,7dee05785b67f78ea8e64b4b2e2c974308946f11959b43b8fc94a2038ec91b63,2,130,154,307,460,False,177,306,21c33ac7cd81424a11d913ee8e0a891a7711009eace5f263b5504b8b2e713b63,95255603d20d8183c518f0224df5a72c8b35c1a9f5b88e0df13ee6d82ef92282
train/Colete/123_jpg.rf.222d84393cf6842e0f962b15c1100dfa__obj003.png,Colete,train,train/images/123_jpg.rf.222d84393cf6842e0f962b15c1100dfa.jpg,d779e1f59bd2e94e07dba297959fe1912dc5bea8819b562923aafaf3c421b778,7dee05785b67f78ea8e64b4b2e2c974308946f11959b43b8fc94a2038ec91b63,3,535,136,640,531,False,105,395,5f23cb2c6aeb82d658661716c836f4e1a04b075cb13f2b940a99848333bb8287,ad89278ea53b295a37feef403effcb412deec773a63a6d707812a129cfc7f1ea
train/Pessoa/123_jpg.rf.222d84393cf6842e0f962b15c1100dfa__obj004.png,Pessoa,train,train/images/123_jpg.rf.222d84393cf6842e0f962b15c1100dfa.jpg,d779e1f59bd2e94e07dba297959fe1912dc5bea8819b562923aafaf3c421b778,7dee05785b67f78ea8e64b4b2e2c974308946f11959b43b8fc94a2038ec91b63,4,143,17,345,640,False,202,623,7820e1b82b6c597622d6332b6243264d66975059727104ad1762e78696500d8e,e3e4572842db71fa5ce9cdf166f5f7e408c292b6111d14ff586fe046c61ef1bd
train/Pessoa/123_jpg.rf.222d84393cf6842e0f962b15c1100dfa__obj005.png,Pessoa,train,train/images/123_jpg.rf.222d84393cf6842e0f962b15c1100dfa.jpg,d779e1f59bd2e94e07dba297959fe1912dc5bea8819b562923aafaf3c421b778,7dee05785b67f78ea8e64b4b2e2c974308946f11959b43b8fc94a2038ec91b63,5,500,0,640,640,False,140,640,15d598c76deb346811cd43c3bd2f8236c492e2b3919d995193b0c88b29344fa8,16ca9e79094a56cfaced4b23e7ae51cc80c17a5cec266d4c104bec1e1d5239e5
train/Capacete/125_jpg.rf.cd408f1338f51df72b5c22e09b535dc0__obj001.png,Capacete,train,train/images/125_jpg.rf.cd408f1338f51df72b5c22e09b535dc0.jpg,3c948bf8e4bae874f6fbfcd3202fca02df4e86e96fe934d9b2ee188c11ff8d0a,275617ebfba3068f2cb25a2dab57884837ac0b62d565429fa38f3b8948df1daf,1,222,213,304,268,False,82,55,97406ccd672eec130d2445b84f6334844d5237fbae2a28273ae3b71b6c1a1b92,4b8dc949d3beeedefdc5ea0fdb743774b0d2a2a06e12d2a85152e53eaa6434e5
train/Colete/125_jpg.rf.cd408f1338f51df72b5c22e09b535dc0__obj002.png,Colete,train,train/images/125_jpg.rf.cd408f1338f51df72b5c22e09b535dc0.jpg,3c948bf8e4bae874f6fbfcd3202fca02df4e86e96fe934d9b2ee188c11ff8d0a,275617ebfba3068f2cb25a2dab57884837ac0b62d565429fa38f3b8948df1daf,2,112,269,276,456,False,164,187,3c23a5a4f27157ad654c9b17c6ba483677106e530ee52c5f58be259c5458ee8a,06bc092582c413e041b683ff1d99eee9a127ab035cb4edb65aadc6eb9444b6d9
train/Pessoa/125_jpg.rf.cd408f1338f51df72b5c22e09b535dc0__obj003.png,Pessoa,train,train/images/125_jpg.rf.cd408f1338f51df72b5c22e09b535dc0.jpg,3c948bf8e4bae874f6fbfcd3202fca02df4e86e96fe934d9b2ee188c11ff8d0a,275617ebfba3068f2cb25a2dab57884837ac0b62d565429fa38f3b8948df1daf,3,100,213,371,602,False,271,389,0a1d8a756a16a3f8f243b95e14399be1e24422a1df9af280c38ae813c977fa34,4d9662d6cd7e06cf56dbe345ea6ea0a02b70a7ba6a9db284705c93f4c801432d
train/Colete/125_jpg.rf.cd408f1338f51df72b5c22e09b535dc0__obj004.png,Colete,train,train/images/125_jpg.rf.cd408f1338f51df72b5c22e09b535dc0.jpg,3c948bf8e4bae874f6fbfcd3202fca02df4e86e96fe934d9b2ee188c11ff8d0a,275617ebfba3068f2cb25a2dab57884837ac0b62d565429fa38f3b8948df1daf,4,0,279,104,459,False,104,180,2ee1d7c782a58bd1af87526f66f5767de7516cc1093d7f925dfb1e309a0db214,af1f6d046a812edec085101775f9042102214dd802d98ebf12f86cc92a17f486
train/Pessoa/125_jpg.rf.cd408f1338f51df72b5c22e09b535dc0__obj005.png,Pessoa,train,train/images/125_jpg.rf.cd408f1338f51df72b5c22e09b535dc0.jpg,3c948bf8e4bae874f6fbfcd3202fca02df4e86e96fe934d9b2ee188c11ff8d0a,275617ebfba3068f2cb25a2dab57884837ac0b62d565429fa38f3b8948df1daf,5,0,275,109,601,False,109,326,20e5001a9be877e69ed52afa513e0f23a31779a8aaa9f6841e79a8c121fe990a,6e173c765dbd1a9bea8e456eaad726cee8220f75859288f40571912144d25bcf
train/Capacete/125_jpg.rf.cd408f1338f51df72b5c22e09b535dc0__obj006.png,Capacete,train,train/images/125_jpg.rf.cd408f1338f51df72b5c22e09b535dc0.jpg,3c948bf8e4bae874f6fbfcd3202fca02df4e86e96fe934d9b2ee188c11ff8d0a,275617ebfba3068f2cb25a2dab57884837ac0b62d565429fa38f3b8948df1daf,6,444,268,534,369,False,90,101,dbe41db3af1cbde2cd342f46ed862ef358c91dca2036b140b16c02e70e13d843,be71dc5e58e2d859a91da86bc65f76b7436d97c661566c814add0fe8d652ebd4
train/Capacete/125_jpg.rf.cd408f1338f51df72b5c22e09b535dc0__obj007.png,Capacete,train,train/images/125_jpg.rf.cd408f1338f51df72b5c22e09b535dc0.jpg,3c948bf8e4bae874f6fbfcd3202fca02df4e86e96fe934d9b2ee188c11ff8d0a,275617ebfba3068f2cb25a2dab57884837ac0b62d565429fa38f3b8948df1daf,7,535,265,629,369,False,94,104,280e0562aad48076871bb2835fa4ce531ee31b0cb7e7ea1a34125ea862bb8c68,e84e2464ade14171f919ad072e27128dfbe767295b6edef47412e0bf0228758c
train/Colete/125_jpg.rf.cd408f1338f51df72b5c22e09b535dc0__obj008.png,Colete,train,train/images/125_jpg.rf.cd408f1338f51df72b5c22e09b535dc0.jpg,3c948bf8e4bae874f6fbfcd3202fca02df4e86e96fe934d9b2ee188c11ff8d0a,275617ebfba3068f2cb25a2dab57884837ac0b62d565429fa38f3b8948df1daf,8,255,364,518,640,False,263,276,118b2843812290ddc113ca9cce58b9644eaa56fdeb1a9ec02a7cc228bc857fb0,7ac29bb7b1400a4afb6c273e53ba7fca937c99b0e720357ac77b5ed4260bc8b4
train/Colete/125_jpg.rf.cd408f1338f51df72b5c22e09b535dc0__obj009.png,Colete,train,train/images/125_jpg.rf.cd408f1338f51df72b5c22e09b535dc0.jpg,3c948bf8e4bae874f6fbfcd3202fca02df4e86e96fe934d9b2ee188c11ff8d0a,275617ebfba3068f2cb25a2dab57884837ac0b62d565429fa38f3b8948df1daf,9,550,367,640,640,False,90,273,9ce8b2da10e5f9b070d8b5e1a018f9d4426a3641e9d608b5a67e8b49d8d149b3,4435d539deaaceddea2c3d4c56cd7ce00ec50a8a48e65e176f40e3c8d8018bd5
train/Pessoa/125_jpg.rf.cd408f1338f51df72b5c22e09b535dc0__obj010.png,Pessoa,train,train/images/125_jpg.rf.cd408f1338f51df72b5c22e09b535dc0.jpg,3c948bf8e4bae874f6fbfcd3202fca02df4e86e96fe934d9b2ee188c11ff8d0a,275617ebfba3068f2cb25a2dab57884837ac0b62d565429fa38f3b8948df1daf,10,254,269,516,640,False,262,371,7c8f1704018295c6d61e3a01649456bab3cec3a73622bd35321cf3f52bdabf6c,626d0e661b1d40c0e8d6f85d17290da46721d63a0d9bd3ae0121e3e6e32a4635
train/Pessoa/125_jpg.rf.cd408f1338f51df72b5c22e09b535dc0__obj011.png,Pessoa,train,train/images/125_jpg.rf.cd408f1338f51df72b5c22e09b535dc0.jpg,3c948bf8e4bae874f6fbfcd3202fca02df4e86e96fe934d9b2ee188c11ff8d0a,275617ebfba3068f2cb25a2dab57884837ac0b62d565429fa38f3b8948df1daf,11,533,264,640,640,False,107,376,ef542926b53dd8f4b6b0948b874a81fbc071b04833398d4083537cd7288f15b0,31bd1854c3a93f3f2f54a9c335a99f8d827aa5d262653eb28991faf2ffc501b6
train/Capacete/126_jpg.rf.09e97b2609973492d3ee908c70677d45__obj001.png,Capacete,train,train/images/126_jpg.rf.09e97b2609973492d3ee908c70677d45.jpg,4e86ffbf805ce254efc67686ad10a471162e3b57e3f3eeb7463a051841d773f6,0fde3d5cea781b65994b12ab9eb24b2ed521269896c73b996a87a6bdde8f76f7,1,236,7,504,132,False,268,125,8f68f7086e1138ae5c27a05233577bedd485d081aceee4f5f44642619c2e651c,2751f74e783cd7071c58355a692520aa1ea5b01c5bc0079a90c5db0b0ce9c6eb
train/Colete/126_jpg.rf.09e97b2609973492d3ee908c70677d45__obj002.png,Colete,train,train/images/126_jpg.rf.09e97b2609973492d3ee908c70677d45.jpg,4e86ffbf805ce254efc67686ad10a471162e3b57e3f3eeb7463a051841d773f6,0fde3d5cea781b65994b12ab9eb24b2ed521269896c73b996a87a6bdde8f76f7,2,100,191,552,623,False,452,432,40169d30956ccace4ed3b3f17cd51f10d2d2cfb00fcc25bcbdc95af5eaeff6e0,1c83dc7162fb1385f8766d29e5881351e52d725f988d594df90a1240f1cef9f7
train/Pessoa/126_jpg.rf.09e97b2609973492d3ee908c70677d45__obj003.png,Pessoa,train,train/images/126_jpg.rf.09e97b2609973492d3ee908c70677d45.jpg,4e86ffbf805ce254efc67686ad10a471162e3b57e3f3eeb7463a051841d773f6,0fde3d5cea781b65994b12ab9eb24b2ed521269896c73b996a87a6bdde8f76f7,3,32,9,608,640,False,576,631,a8b20fdcac7d9197ba132a58007d3f18376d835c571c671db2e1531cc758f850,e69416c6482be8cdf815a54b66bf5eb343de7bae4196e8881e55115899957e33
train/Capacete/127_jpg.rf.ec5aa4e332251b58ce86000594abe2e5__obj001.png,Capacete,train,train/images/127_jpg.rf.ec5aa4e332251b58ce86000594abe2e5.jpg,4b17d6308ca2b77683886b06a38ef4d140731f3a10ac46a55957b4c503fcb3ce,0e5bf5e166709359121e4e048a6011988d80e699ba57194464ee5d6df89a6832,1,115,135,214,198,False,99,63,193aa73258db2ce60099da7aced9db142f7579fbfef6829ce014ed53ad792c21,adbe5d01b5362f48269dd2773f83e82fc5d9a27dca78510aeb86166ada4342f9
train/Capacete/127_jpg.rf.ec5aa4e332251b58ce86000594abe2e5__obj002.png,Capacete,train,train/images/127_jpg.rf.ec5aa4e332251b58ce86000594abe2e5.jpg,4b17d6308ca2b77683886b06a38ef4d140731f3a10ac46a55957b4c503fcb3ce,0e5bf5e166709359121e4e048a6011988d80e699ba57194464ee5d6df89a6832,2,110,5,210,69,False,100,64,18ba283ad1a01ea3e9d4e70b68d69b42daa2b69f3fd2d61256f94363e8715636,965f7418f3e79bcb112da206f7e201ac7ee885eba5454f953b222e630d94f4ac
train/Capacete/127_jpg.rf.ec5aa4e332251b58ce86000594abe2e5__obj003.png,Capacete,train,train/images/127_jpg.rf.ec5aa4e332251b58ce86000594abe2e5.jpg,4b17d6308ca2b77683886b06a38ef4d140731f3a10ac46a55957b4c503fcb3ce,0e5bf5e166709359121e4e048a6011988d80e699ba57194464ee5d6df89a6832,3,322,15,418,62,False,96,47,5d478725dad0add0734e29634ec3219a0a0dc236d3baab1b5f4924d58ec5597c,dae68bdfa5b2ed73f22f23760b5cf760d5e59effb4ddb5bed173f7efbfb10e36
train/Capacete/127_jpg.rf.ec5aa4e332251b58ce86000594abe2e5__obj004.png,Capacete,train,train/images/127_jpg.rf.ec5aa4e332251b58ce86000594abe2e5.jpg,4b17d6308ca2b77683886b06a38ef4d140731f3a10ac46a55957b4c503fcb3ce,0e5bf5e166709359121e4e048a6011988d80e699ba57194464ee5d6df89a6832,4,327,140,419,205,False,92,65,cf9e4c8c276efdde192e66210fbac3183218411fb6c06399d49cc59ea8357ede,bda767cee2e567b4293901c9beaac42ad02a4a97313d34665c7a3b2923df565c
train/Colete/127_jpg.rf.ec5aa4e332251b58ce86000594abe2e5__obj005.png,Colete,train,train/images/127_jpg.rf.ec5aa4e332251b58ce86000594abe2e5.jpg,4b17d6308ca2b77683886b06a38ef4d140731f3a10ac46a55957b4c503fcb3ce,0e5bf5e166709359121e4e048a6011988d80e699ba57194464ee5d6df89a6832,5,79,234,243,462,False,164,228,f5c1734b8a6d108bded60a83df7af612074ab88542db6eb2b9c0cc5af8bb62d8,435b6ee4a882fc6150eae029a2603287150b766574cbadff3f3f52b42ccc6df8
train/Colete/127_jpg.rf.ec5aa4e332251b58ce86000594abe2e5__obj006.png,Colete,train,train/images/127_jpg.rf.ec5aa4e332251b58ce86000594abe2e5.jpg,4b17d6308ca2b77683886b06a38ef4d140731f3a10ac46a55957b4c503fcb3ce,0e5bf5e166709359121e4e048a6011988d80e699ba57194464ee5d6df89a6832,6,319,237,476,458,False,157,221,433c98e3c230f0ac4b52d6565d85b64ad7a7281121741516874345dbb80764fa,0350d7023ca13e63e280ca4bca204bc3e90f9a19f1c894fe7e751f1b9cb6a500
train/Pessoa/127_jpg.rf.ec5aa4e332251b58ce86000594abe2e5__obj007.png,Pessoa,train,train/images/127_jpg.rf.ec5aa4e332251b58ce86000594abe2e5.jpg,4b17d6308ca2b77683886b06a38ef4d140731f3a10ac46a55957b4c503fcb3ce,0e5bf5e166709359121e4e048a6011988d80e699ba57194464ee5d6df89a6832,7,67,139,243,640,False,176,501,a8c17813ff859f6f9a6a7bb51803bfa3b38c612623b7c7dfbc8ae120abc4e8d3,27898d04f74c4a21a4744a7aa64fb54f9def97eaf2d21571c9a64372a20c8ca3
train/Pessoa/127_jpg.rf.ec5aa4e332251b58ce86000594abe2e5__obj008.png,Pessoa,train,train/images/127_jpg.rf.ec5aa4e332251b58ce86000594abe2e5.jpg,4b17d6308ca2b77683886b06a38ef4d140731f3a10ac46a55957b4c503fcb3ce,0e5bf5e166709359121e4e048a6011988d80e699ba57194464ee5d6df89a6832,8,307,144,479,640,False,172,496,d87e7b83f9fad507690fa989fb5f0578a8db842295d91b4e6ccc9f0e418131a8,0f06358fa42428dfe078c33e6ae3a2fa1d5887942bb4fba6fe0af7b702f2d482
train/Capacete/128_jpg.rf.3d9102c44099b63bfb8f5fb952d15404__obj001.png,Capacete,train,train/images/128_jpg.rf.3d9102c44099b63bfb8f5fb952d15404.jpg,15d3f8723c5d64cb366778339096e79a4ed2fb190d2ee1a4cc1813e92c2a69b3,b495bcf13b91db571c0dfc94b058823ccfa1fefdb4e2b9bb29b3fbf290f87e77,1,224,25,436,126,False,212,101,cea0b421c499399b65f26003086068c3763886762e48e45056b00787aa4b2f1a,03e9d804244908ef6865ec366fcd907c502b07aece99cdb1b1a8817e4478b21a
train/Colete/128_jpg.rf.3d9102c44099b63bfb8f5fb952d15404__obj002.png,Colete,train,train/images/128_jpg.rf.3d9102c44099b63bfb8f5fb952d15404.jpg,15d3f8723c5d64cb366778339096e79a4ed2fb190d2ee1a4cc1813e92c2a69b3,b495bcf13b91db571c0dfc94b058823ccfa1fefdb4e2b9bb29b3fbf290f87e77,2,135,174,510,498,False,375,324,672e0273396aba6e9181ac4f6210cfcdf33624cabdd875407a9b7b5287f5ab4d,ee3bf78ccb731fdfd3021bcf262f62cd7f8195eb5f4aaaa25b5b6932e5cf7c2b
train/Pessoa/128_jpg.rf.3d9102c44099b63bfb8f5fb952d15404__obj003.png,Pessoa,train,train/images/128_jpg.rf.3d9102c44099b63bfb8f5fb952d15404.jpg,15d3f8723c5d64cb366778339096e79a4ed2fb190d2ee1a4cc1813e92c2a69b3,b495bcf13b91db571c0dfc94b058823ccfa1fefdb4e2b9bb29b3fbf290f87e77,3,85,20,582,640,False,497,620,f377298de9f5b75ab1144337034152cc89dc0dc6646d12fbfaba30af904a6a06,59482b461e6516d55ea3e63ddfba8e99ab0fe553a3aacde14f48e179faaced34
train/Capacete/129_jpg.rf.03bd149dcc0eb842b0b4446017e968cc__obj001.png,Capacete,train,train/images/129_jpg.rf.03bd149dcc0eb842b0b4446017e968cc.jpg,9b9df5db0ce98e8c9e38f77c9f6c4dc605e8c2808b293697e35d80aafde9780f,4645fb8be98298370b58677cd86e969a3323c7080f3293e44fc701ea73c4aba1,1,150,293,287,482,False,137,189,70eddee222773ab4586016520544a0914b6e80cc4c1fcefece583e9a4cb4afda,c286e18c6fab863caea642ccebe041228acdb9435836e137526a12ada543a40c
train/Capacete/129_jpg.rf.03bd149dcc0eb842b0b4446017e968cc__obj002.png,Capacete,train,train/images/129_jpg.rf.03bd149dcc0eb842b0b4446017e968cc.jpg,9b9df5db0ce98e8c9e38f77c9f6c4dc605e8c2808b293697e35d80aafde9780f,4645fb8be98298370b58677cd86e969a3323c7080f3293e44fc701ea73c4aba1,2,400,311,592,493,False,192,182,78c1466e289c845ccb3ea47c2fc9a9a6a5fb6b50a1a383938010d1ca91f1d0cd,1ace8c149da54d2e49de435b9e2968c4329ae184f6aa267e6aef4a5324d185e2
train/Pessoa/129_jpg.rf.03bd149dcc0eb842b0b4446017e968cc__obj003.png,Pessoa,train,train/images/129_jpg.rf.03bd149dcc0eb842b0b4446017e968cc.jpg,9b9df5db0ce98e8c9e38f77c9f6c4dc605e8c2808b293697e35d80aafde9780f,4645fb8be98298370b58677cd86e969a3323c7080f3293e44fc701ea73c4aba1,3,0,1,214,404,False,214,403,44ec12dc28d01bd83839f9818f17d2a6c44c89ffbee02fc544181703ce1d6d77,56271ffe400b97c3a1e52f5e3103ba7fbcb8b476d9e6ec2be11165453591254a
train/Pessoa/129_jpg.rf.03bd149dcc0eb842b0b4446017e968cc__obj004.png,Pessoa,train,train/images/129_jpg.rf.03bd149dcc0eb842b0b4446017e968cc.jpg,9b9df5db0ce98e8c9e38f77c9f6c4dc605e8c2808b293697e35d80aafde9780f,4645fb8be98298370b58677cd86e969a3323c7080f3293e44fc701ea73c4aba1,4,10,297,275,640,False,265,343,31c650b520a1cbc1b3bd8ccd5a5e8d6f8b39923873bf5a6c941384badef6fb14,97ef62b265d1afec674ed7824a70b2a45dc3bf0fbc2a2a11a4b2e9a91192dbb6
train/Pessoa/129_jpg.rf.03bd149dcc0eb842b0b4446017e968cc__obj005.png,Pessoa,train,train/images/129_jpg.rf.03bd149dcc0eb842b0b4446017e968cc.jpg,9b9df5db0ce98e8c9e38f77c9f6c4dc605e8c2808b293697e35d80aafde9780f,4645fb8be98298370b58677cd86e969a3323c7080f3293e44fc701ea73c4aba1,5,276,30,557,528,False,281,498,1a0aa5d31ee958ab2f8a8d4411c66ed4c29642e70ca00e80aa195d5668297faf,7434a13a6089016cead2ac0db0fff5aae44d009caf2e1f1b09c13e1936e16066
train/Pessoa/129_jpg.rf.03bd149dcc0eb842b0b4446017e968cc__obj006.png,Pessoa,train,train/images/129_jpg.rf.03bd149dcc0eb842b0b4446017e968cc.jpg,9b9df5db0ce98e8c9e38f77c9f6c4dc605e8c2808b293697e35d80aafde9780f,4645fb8be98298370b58677cd86e969a3323c7080f3293e44fc701ea73c4aba1,6,284,326,593,640,False,309,314,2fbacd38623725f6ad2e98bb7849030e24743d736a1abacd94ee66818f289066,d99061d15176e92b77487995466554182e66c9778724e193987c291a052b9218
train/Capacete/130_jpg.rf.04b1b1fd85df3e981d640091dc2007d4__obj001.png,Capacete,train,train/images/130_jpg.rf.04b1b1fd85df3e981d640091dc2007d4.jpg,0e8bc08717252c29dab14347ffd83b11748d83558f2792b3da37d00e9a4db6cf,60a87c924aa2e7c093e9e6649d0cfd42f926dffbab9fa1de7599b06442b2d131,1,161,1,290,236,False,129,235,db75e56d54fac8dadd0f501aa22c391361d6590647a80f6bb8eba94a59f1d6b8,661c3216c89c240915fcda6bce2c7a1f42e02e848485db51434ff4d30e2a787e
train/Colete/130_jpg.rf.04b1b1fd85df3e981d640091dc2007d4__obj002.png,Colete,train,train/images/130_jpg.rf.04b1b1fd85df3e981d640091dc2007d4.jpg,0e8bc08717252c29dab14347ffd83b11748d83558f2792b3da37d00e9a4db6cf,60a87c924aa2e7c093e9e6649d0cfd42f926dffbab9fa1de7599b06442b2d131,2,103,530,312,640,False,209,110,ab9abc2d7a0a9da9d27298e56097deb3ff66e11c0da85e067da977da3d470b1b,db17068ae315a982f0cd070e35a3f9130edc93aff42996ac5ea86f8bd0f94160
train/Pessoa/130_jpg.rf.04b1b1fd85df3e981d640091dc2007d4__obj003.png,Pessoa,train,train/images/130_jpg.rf.04b1b1fd85df3e981d640091dc2007d4.jpg,0e8bc08717252c29dab14347ffd83b11748d83558f2792b3da37d00e9a4db6cf,60a87c924aa2e7c093e9e6649d0cfd42f926dffbab9fa1de7599b06442b2d131,3,99,0,336,639,False,237,639,4dadc5b61dbb93179cf5cde5d26c973511a90a8de9d1cbbe137b5a3d90614629,bb190d0eafc9074057bef2a9c5f2c8f668d9c5be08d61651167d06486ba9b2e5
train/Capacete/131_jpg.rf.cca87ef63fef3a4597f1eee5da3816d4__obj001.png,Capacete,train,train/images/131_jpg.rf.cca87ef63fef3a4597f1eee5da3816d4.jpg,f92de62e1c2d6d985ee628edfa53595b89a61fe7d4afd5ff46628288bbce6efc,5e37136b4b945e93f3aa1252fcefcdb1fd7aabc2cf8810d041d232fcc78177a7,1,197,158,253,228,False,56,70,0438b7c88279a95a1ffae4703566ce43cd6eb48c4220c0a8478946f1a6cb76df,f82c8110476bd5784878e1dcbd806e42f215f3f2c24461b86e599d00cfb97be9
train/Capacete/131_jpg.rf.cca87ef63fef3a4597f1eee5da3816d4__obj002.png,Capacete,train,train/images/131_jpg.rf.cca87ef63fef3a4597f1eee5da3816d4.jpg,f92de62e1c2d6d985ee628edfa53595b89a61fe7d4afd5ff46628288bbce6efc,5e37136b4b945e93f3aa1252fcefcdb1fd7aabc2cf8810d041d232fcc78177a7,2,475,128,540,185,False,65,57,20fa6e778cc9045dca00f9ef38ad933a83ee6b35e0200552351e9760cf66feeb,511690ac6789df49ec60578b971656138daff3de7b877be7d4311fe8bbe0c6ce
train/Pessoa/131_jpg.rf.cca87ef63fef3a4597f1eee5da3816d4__obj003.png,Pessoa,train,train/images/131_jpg.rf.cca87ef63fef3a4597f1eee5da3816d4.jpg,f92de62e1c2d6d985ee628edfa53595b89a61fe7d4afd5ff46628288bbce6efc,5e37136b4b945e93f3aa1252fcefcdb1fd7aabc2cf8810d041d232fcc78177a7,3,145,151,274,631,False,129,480,cad686c283f33b31ffd9e22b6fdbd363833a5cf8a7f6d1cbf3bfac9eb923ddfa,420ee47ceec6a6c16c431706f704ae3d227d51b6e0f12f7ab906286d39093c98
train/Pessoa/131_jpg.rf.cca87ef63fef3a4597f1eee5da3816d4__obj004.png,Pessoa,train,train/images/131_jpg.rf.cca87ef63fef3a4597f1eee5da3816d4.jpg,f92de62e1c2d6d985ee628edfa53595b89a61fe7d4afd5ff46628288bbce6efc,5e37136b4b945e93f3aa1252fcefcdb1fd7aabc2cf8810d041d232fcc78177a7,4,397,126,563,639,False,166,513,51710a552b50624e66507f97618fdb201ac9768c46525389222458f662b40a47,938d64f23050435ac352783cacbd38029711b152d3e9731775c3986d9428855d
train/Pessoa/131_jpg.rf.cca87ef63fef3a4597f1eee5da3816d4__obj005.png,Pessoa,train,train/images/131_jpg.rf.cca87ef63fef3a4597f1eee5da3816d4.jpg,f92de62e1c2d6d985ee628edfa53595b89a61fe7d4afd5ff46628288bbce6efc,5e37136b4b945e93f3aa1252fcefcdb1fd7aabc2cf8810d041d232fcc78177a7,5,420,197,466,325,False,46,128,f469c046c5f4c518ebdcb6c9038250153d3693dd3abd80b6cb13e584be676b89,28ded764da2ed92c774173e876ebd3eae636487588e4d92b41041b76ce9e849d
train/Capacete/132_jpg.rf.7c059ee93d7b3764fc6ce6f83ff11670__obj001.png,Capacete,train,train/images/132_jpg.rf.7c059ee93d7b3764fc6ce6f83ff11670.jpg,4dad1f39ad2f9ec8c062dfc432c596a597b28bf99e61690e3c5b2c6584a819b5,9b513eaff236c522910cd74ba463a13452ab275cb6c349c9e7c424724c3ff3ef,1,159,57,261,136,False,102,79,a614c7acda7800429f9c7b627d1470ada6374a8e49d889d899efdfb1f9aa2250,76bcbe86fbee831bcad57cd73ef4257814e597b0c48c6c6cdf616aa9ff7d4107
train/Pessoa/132_jpg.rf.7c059ee93d7b3764fc6ce6f83ff11670__obj002.png,Pessoa,train,train/images/132_jpg.rf.7c059ee93d7b3764fc6ce6f83ff11670.jpg,4dad1f39ad2f9ec8c062dfc432c596a597b28bf99e61690e3c5b2c6584a819b5,9b513eaff236c522910cd74ba463a13452ab275cb6c349c9e7c424724c3ff3ef,2,50,61,354,586,False,304,525,56ad0dbe1a9ca968f6d41873582a5ca6543adb221867f26320fccac05e2e13de,67a015eb07b967fe4c25deb4a2c8b52c4a1fcd1a981b6c7419da1b55aee00131
train/Capacete/133_jpg.rf.08ba88c3097a8d6c1999554eb0adce63__obj001.png,Capacete,train,train/images/133_jpg.rf.08ba88c3097a8d6c1999554eb0adce63.jpg,1f555d69d5e043866afcde24bd276d66655990dcf3b2efaa4e320f353e949827,211b7e45f5e1d95f83b488d3df3b96759c12517cd60d8a831e77ebabcbf50802,1,396,145,506,272,False,110,127,2e1fa1397d9311b1c19153553b01e2340c2db22114b05d9f64665a7ddaa85cfd,cc916f941d9704e5dd7528e58f60598ea62189c14872f4d006e4668bd3019ea5
train/Colete/133_jpg.rf.08ba88c3097a8d6c1999554eb0adce63__obj002.png,Colete,train,train/images/133_jpg.rf.08ba88c3097a8d6c1999554eb0adce63.jpg,1f555d69d5e043866afcde24bd276d66655990dcf3b2efaa4e320f353e949827,211b7e45f5e1d95f83b488d3df3b96759c12517cd60d8a831e77ebabcbf50802,2,323,357,546,640,False,223,283,daa6d83c1d071daa7b36ab2cc2dc018eaea162f5a366c3f43cd9440699f2c7db,8e9d1825682d68656dc6118e2ee3d16b1fc13d3a3b9c95c8a9b938bbbd2afbca
train/Pessoa/133_jpg.rf.08ba88c3097a8d6c1999554eb0adce63__obj003.png,Pessoa,train,train/images/133_jpg.rf.08ba88c3097a8d6c1999554eb0adce63.jpg,1f555d69d5e043866afcde24bd276d66655990dcf3b2efaa4e320f353e949827,211b7e45f5e1d95f83b488d3df3b96759c12517cd60d8a831e77ebabcbf50802,3,320,144,572,640,False,252,496,8646d4b0641346a20d2d5a01219ca33b8cbea8332dbee8540873f8597d19f272,ce92f3175bb2c0288892ceaed89a00f18bc07ce672d10d27253cda5e78a666be
train/Pessoa/133_jpg.rf.08ba88c3097a8d6c1999554eb0adce63__obj004.png,Pessoa,train,train/images/133_jpg.rf.08ba88c3097a8d6c1999554eb0adce63.jpg,1f555d69d5e043866afcde24bd276d66655990dcf3b2efaa4e320f353e949827,211b7e45f5e1d95f83b488d3df3b96759c12517cd60d8a831e77ebabcbf50802,4,0,381,234,640,False,234,259,99f6c08596a4209165f58fbde3e2e2906793e1c4f8df36c8525fbc60bf01daed,dbfa69a5da699d9f22d7f57fe3de39cd6854f423a434e36aab95ec4f9de82773
train/Pessoa/133_jpg.rf.08ba88c3097a8d6c1999554eb0adce63__obj005.png,Pessoa,train,train/images/133_jpg.rf.08ba88c3097a8d6c1999554eb0adce63.jpg,1f555d69d5e043866afcde24bd276d66655990dcf3b2efaa4e320f353e949827,211b7e45f5e1d95f83b488d3df3b96759c12517cd60d8a831e77ebabcbf50802,5,84,43,308,599,False,224,556,892877a77a47da306aaca5875caca352e04fd47186afecb5fcf5cfa8f18c1d8d,ca5c29feeb7241a2cde9ba17f88f469cad039317c3019d3e6975f460da919a95
train/Capacete/134_jpg.rf.082a1c52a0ae248579fb58e672f8757d__obj001.png,Capacete,train,train/images/134_jpg.rf.082a1c52a0ae248579fb58e672f8757d.jpg,dab6dd5e9453dd0690720e60149c6c864b6c50c71f5e6ad1da2c3e728d546454,e7fce913c4b0332a3dd94253d308fb78557b3ff064b874bce7dd8876bc885961,1,249,281,327,350,False,78,69,36589744094748d55a829231be546b424f264aa89659d0a7930f94523b9e2488,e8858cbbc7d3b1e4a6a8d8f84a6c62d1c2876a555206b44e7fe71035a69cd911
train/Pessoa/134_jpg.rf.082a1c52a0ae248579fb58e672f8757d__obj002.png,Pessoa,train,train/images/134_jpg.rf.082a1c52a0ae248579fb58e672f8757d.jpg,dab6dd5e9453dd0690720e60149c6c864b6c50c71f5e6ad1da2c3e728d546454,e7fce913c4b0332a3dd94253d308fb78557b3ff064b874bce7dd8876bc885961,2,233,272,581,640,False,348,368,6f8d65fd7afc952e925e40ba85b6943ab0bfb84e9747fca07c93a7d1dc87e76b,0651c4b4946cf8550c61968e5f57ccf266ae22e543d0f8327e991854e1872761
train/Colete/13_jpg.rf.fc5a827f5fcb104fddbb65f18ce61be6__obj001.png,Colete,train,train/images/13_jpg.rf.fc5a827f5fcb104fddbb65f18ce61be6.jpg,9ea1fa14107ce923cbcd3d5a2fe53f4e1a538ae122e373bb31fad1fbdfd1f0a9,4f761e066f9865e3e713087659a1a45575c4889ecb90a6da0c657da450da5c73,1,151,224,338,640,False,187,416,21f5dbd5b20953dce860ea75a2985752052cb116da9dd945569e456b320f282e,e697d9cb435caa248f12dd514d3c7516df24608c7b9897c8debdee712d97fc3b
train/Pessoa/13_jpg.rf.fc5a827f5fcb104fddbb65f18ce61be6__obj002.png,Pessoa,train,train/images/13_jpg.rf.fc5a827f5fcb104fddbb65f18ce61be6.jpg,9ea1fa14107ce923cbcd3d5a2fe53f4e1a538ae122e373bb31fad1fbdfd1f0a9,4f761e066f9865e3e713087659a1a45575c4889ecb90a6da0c657da450da5c73,2,85,27,386,640,False,301,613,9430b97c8156106071b2db1a875df745d4e9dbfa7c1d3ccc0ad6f0e679f099a1,1cc5057b5e13d67b3aef1ccd0ce98bd9fad3694e202a58a996bda812cc84bba5
train/Pessoa/13_jpg.rf.fc5a827f5fcb104fddbb65f18ce61be6__obj003.png,Pessoa,train,train/images/13_jpg.rf.fc5a827f5fcb104fddbb65f18ce61be6.jpg,9ea1fa14107ce923cbcd3d5a2fe53f4e1a538ae122e373bb31fad1fbdfd1f0a9,4f761e066f9865e3e713087659a1a45575c4889ecb90a6da0c657da450da5c73,3,315,196,555,640,False,240,444,de4e85023e02bda1a7908ff52f1a59077cf0d20319ede15fdef691b6c5d62b20,85e3176179c4b42dd3f77d1ad709c250aa875176bd7a573b91ecaec311ee67cb
train/Colete/13_jpg.rf.fc5a827f5fcb104fddbb65f18ce61be6__obj004.png,Colete,train,train/images/13_jpg.rf.fc5a827f5fcb104fddbb65f18ce61be6.jpg,9ea1fa14107ce923cbcd3d5a2fe53f4e1a538ae122e373bb31fad1fbdfd1f0a9,4f761e066f9865e3e713087659a1a45575c4889ecb90a6da0c657da450da5c73,4,345,337,500,640,False,155,303,637eab9f3dcdac2621803491dbd6d1f18f8f462d081a918c6a53acfe02719f6b,60d72b38bda767305877aba13ea228514e07f18cc304abecb868cf344afa0bf8
train/Colete/14_jpg.rf.ba4de68701331ae99e56e5e9fa1806ff__obj001.png,Colete,train,train/images/14_jpg.rf.ba4de68701331ae99e56e5e9fa1806ff.jpg,0124edf8759c40663cfb2fb8be3c016bbbdcbcc0fe90378f892714390b49e552,32e1ec36de87672d40e9d14c64c0ce360452f46d137309f7c8077c61620bf683,1,0,277,233,640,False,233,363,0b019f48648ace51567caf38ade22d8594a64c103678315bffd31dec11c31e57,afa857a98509e92c11cc9a6f55cefdd85c53e4d062c1588e0b0e6844ba41e60d
train/Pessoa/14_jpg.rf.ba4de68701331ae99e56e5e9fa1806ff__obj002.png,Pessoa,train,train/images/14_jpg.rf.ba4de68701331ae99e56e5e9fa1806ff.jpg,0124edf8759c40663cfb2fb8be3c016bbbdcbcc0fe90378f892714390b49e552,32e1ec36de87672d40e9d14c64c0ce360452f46d137309f7c8077c61620bf683,2,1,2,230,640,False,229,638,416ba5a06009a731ce88d0f5dfda1f76b959898a9775d13ac701384715b22e34,482fa5c2eb5c781498ea0b45ea8a7b1632ddda5d3b9f7135e70293e7b96f5c26
train/Pessoa/14_jpg.rf.ba4de68701331ae99e56e5e9fa1806ff__obj003.png,Pessoa,train,train/images/14_jpg.rf.ba4de68701331ae99e56e5e9fa1806ff.jpg,0124edf8759c40663cfb2fb8be3c016bbbdcbcc0fe90378f892714390b49e552,32e1ec36de87672d40e9d14c64c0ce360452f46d137309f7c8077c61620bf683,3,204,47,481,510,False,277,463,cddaefe289462e6b2c06c50bf63a353f1e7af9c9be8378b27a80546a5b9820de,8527d60815217912adab10a5d4daf7831f2a6711219a3e0d435b533c45c94243
train/Colete/15_jpg.rf.d6e3423f14d5d870e57b06d24820fa92__obj001.png,Colete,train,train/images/15_jpg.rf.d6e3423f14d5d870e57b06d24820fa92.jpg,1f7599c94eb3e48c9fd489e9996b5a3953ea77093b8964054696a36beb9df427,7b63c5eef9e453f3875578e542a27e7abf7e3a093774fa1709eebdfbc0e1ff60,1,224,100,455,565,False,231,465,cf1af859ac885d517c6e59d9bc9b431af8db48c8be259ff176192ab61e131cad,e9e017285aa84b67e24974b378002857d7dc355170d6a67c4fb4a921503f5f16
train/Capacete/16_jpg.rf.82a329948b7dbcad5d550fb39b0c26c8__obj001.png,Capacete,train,train/images/16_jpg.rf.82a329948b7dbcad5d550fb39b0c26c8.jpg,e23778eb70ebe31e8af338dfb90b69ad50505eee14bfa400ede7d9681f0059c2,f9205d8dff0646bf6f7de3ae9cf71ce35f01d0498dd6a47afc51124f5ef433d7,1,179,15,327,186,False,148,171,763f0b503a75ece6f9a6e36a80fb344a8ed5f12838360fd962cac77e0873e76d,be6b514fa29be674d376a3e782f863c215a543b8ed73b1bf24617bcbb1e498c6
train/Colete/16_jpg.rf.82a329948b7dbcad5d550fb39b0c26c8__obj002.png,Colete,train,train/images/16_jpg.rf.82a329948b7dbcad5d550fb39b0c26c8.jpg,e23778eb70ebe31e8af338dfb90b69ad50505eee14bfa400ede7d9681f0059c2,f9205d8dff0646bf6f7de3ae9cf71ce35f01d0498dd6a47afc51124f5ef433d7,2,101,267,359,640,False,258,373,1231a7e2b723c42e001962afc0916edd04d3a78c94fb26ce0412fe242757a232,6af9725a3b2bef5d657a60c47465472fa9e236ac9a3431554559a253d962a0f5
train/Pessoa/16_jpg.rf.82a329948b7dbcad5d550fb39b0c26c8__obj003.png,Pessoa,train,train/images/16_jpg.rf.82a329948b7dbcad5d550fb39b0c26c8.jpg,e23778eb70ebe31e8af338dfb90b69ad50505eee14bfa400ede7d9681f0059c2,f9205d8dff0646bf6f7de3ae9cf71ce35f01d0498dd6a47afc51124f5ef433d7,3,85,17,380,640,False,295,623,336de07db7f5fed4b234f734127ac6fdf6a2ee34bf2164cc07d0a294be77dead,c051b454ffe2e5b7ac3911707271e488168e980c6b16301588ae1d2318e4079c
train/Capacete/18_jpg.rf.64e961f0b2c6a75f4a568b1324fb9284__obj001.png,Capacete,train,train/images/18_jpg.rf.64e961f0b2c6a75f4a568b1324fb9284.jpg,703796ed112324634801aa44201ca5da2e8e2dc5ea1d57a231465127fd7bc4b5,5867a21e01c14239267f7b0b4e788b78b5b2b5aaf4a6b798991d056a4d4640e5,1,402,261,640,548,False,238,287,4c084c5075188aef8f13412651a75f7f54043a66b61624bcf3a426e0d3ad7698,8b3b8193c090a15a4ecc7f9276576f3ab5ce90706a3b4cf52b37c0e2b9c6f794
train/Colete/18_jpg.rf.64e961f0b2c6a75f4a568b1324fb9284__obj002.png,Colete,train,train/images/18_jpg.rf.64e961f0b2c6a75f4a568b1324fb9284.jpg,703796ed112324634801aa44201ca5da2e8e2dc5ea1d57a231465127fd7bc4b5,5867a21e01c14239267f7b0b4e788b78b5b2b5aaf4a6b798991d056a4d4640e5,2,260,177,640,640,False,380,463,87f7f2965c13a6c72dad484d5c3040ad01d2fb989d45cdbcdc77c425c15f15b4,5ec238b445815f476c7accc60fec77c8410f13f3ca983c5f94a70bc3dec164a5
train/Pessoa/18_jpg.rf.64e961f0b2c6a75f4a568b1324fb9284__obj003.png,Pessoa,train,train/images/18_jpg.rf.64e961f0b2c6a75f4a568b1324fb9284.jpg,703796ed112324634801aa44201ca5da2e8e2dc5ea1d57a231465127fd7bc4b5,5867a21e01c14239267f7b0b4e788b78b5b2b5aaf4a6b798991d056a4d4640e5,3,172,0,640,640,False,468,640,a3f4208708aceaeda445f45e56b7dfeaf5741711aca88746b7e8f432fcb21a29,ee501ca1498958b7965710f1ef666b2be280db631e15e2896700eb09ac148eba
train/Capacete/1_jpg.rf.22f6125b23d5f2061c9cacc60b2d2e9f__obj001.png,Capacete,train,train/images/1_jpg.rf.22f6125b23d5f2061c9cacc60b2d2e9f.jpg,1cfdbc6bf128f38df0adae8f6434d6d80e3e95a37cb05210993ef91e191a0836,c60c64260a6e5f4e5c3c535c4ed12f7ee8c52e2d36e0307befd58c465e451480,1,0,0,258,192,False,258,192,a120d3231a759d44caa87da6a5e39e22ff8e59983751bea977347acda25205ac,8a12cfc81eb656d2cebf7c15434fe83210a290b34375b725b761c53fcded72f4
train/Pessoa/1_jpg.rf.22f6125b23d5f2061c9cacc60b2d2e9f__obj002.png,Pessoa,train,train/images/1_jpg.rf.22f6125b23d5f2061c9cacc60b2d2e9f.jpg,1cfdbc6bf128f38df0adae8f6434d6d80e3e95a37cb05210993ef91e191a0836,c60c64260a6e5f4e5c3c535c4ed12f7ee8c52e2d36e0307befd58c465e451480,2,0,0,422,639,False,422,639,51995bd5e69e73ba5aa769cdb34a8126b045cdb1bfa7a201591ef8d923c6ce04,88c56f702b1d04848fffab595036cedea7e886b77658b78c8e486533b4ad5cc4
train/Pessoa/1_jpg.rf.22f6125b23d5f2061c9cacc60b2d2e9f__obj003.png,Pessoa,train,train/images/1_jpg.rf.22f6125b23d5f2061c9cacc60b2d2e9f.jpg,1cfdbc6bf128f38df0adae8f6434d6d80e3e95a37cb05210993ef91e191a0836,c60c64260a6e5f4e5c3c535c4ed12f7ee8c52e2d36e0307befd58c465e451480,3,327,0,640,640,False,313,640,377090aa15db82f9a8c815e85b19295cb820ff4b6d2c8dbb128a9b978e3ad4f8,61f4f12ffba7162a21c6dca8c86fcf472c876c52db315992b9dc63976511e06e
train/Capacete/25_jpg.rf.6c779bf9956461a47fe1f7d095a1b7ee__obj001.png,Capacete,train,train/images/25_jpg.rf.6c779bf9956461a47fe1f7d095a1b7ee.jpg,ac36e737c2236ca887455c20b312e41bbfeca71eee0153a733fc1868bde25419,006345188f613734c0bcea5f5428f269cc04d64ac2eb9cd81c2301dda815ae6f,1,290,91,350,146,False,60,55,2cbdb67119df8041a93167412a4c18500d181ec2a22751d3463a851b8899398e,6c5aea410d5198f800bca0cf9aaa9f4f05d96e8562425f199b344edc446955d4
train/Capacete/25_jpg.rf.6c779bf9956461a47fe1f7d095a1b7ee__obj002.png,Capacete,train,train/images/25_jpg.rf.6c779bf9956461a47fe1f7d095a1b7ee.jpg,ac36e737c2236ca887455c20b312e41bbfeca71eee0153a733fc1868bde25419,006345188f613734c0bcea5f5428f269cc04d64ac2eb9cd81c2301dda815ae6f,2,375,92,442,156,False,67,64,295cd281528fb2c32d78d9f2fe2498837cbc8034d72b7f70c10b2e8e940d659f,8f897515bb91c02661d5000233d2ac22fb81756f8e3b220825818b014cc5e9c0
train/Pessoa/25_jpg.rf.6c779bf9956461a47fe1f7d095a1b7ee__obj003.png,Pessoa,train,train/images/25_jpg.rf.6c779bf9956461a47fe1f7d095a1b7ee.jpg,ac36e737c2236ca887455c20b312e41bbfeca71eee0153a733fc1868bde25419,006345188f613734c0bcea5f5428f269cc04d64ac2eb9cd81c2301dda815ae6f,3,190,79,400,542,False,210,463,cd1e61d4f2756870589e4cf49c81cb0287130244ce679ffc3cf406a951028ef5,0b99bef4ce80e6d7673c0fcfecd1d4eb5c9902c7a411fa4363ba481e20901fc7
train/Pessoa/25_jpg.rf.6c779bf9956461a47fe1f7d095a1b7ee__obj004.png,Pessoa,train,train/images/25_jpg.rf.6c779bf9956461a47fe1f7d095a1b7ee.jpg,ac36e737c2236ca887455c20b312e41bbfeca71eee0153a733fc1868bde25419,006345188f613734c0bcea5f5428f269cc04d64ac2eb9cd81c2301dda815ae6f,4,365,91,495,628,False,130,537,035c9912aeeb775522431bc1a8e40ebb28bf487a92a8304e2ff0c3cbe7c47f86,9c0c46a7e103a3be9944dad033c20cc353d667ca6fcb724efff7b844e91a2ff9
train/Capacete/26_jpg.rf.f95610f94ba746761a1fee48ca6d6210__obj001.png,Capacete,train,train/images/26_jpg.rf.f95610f94ba746761a1fee48ca6d6210.jpg,b77f8c0b4068edf11ebece21450fa647051d0f7b23529d2f7877db46aab5cb9c,d4c44486e5ab8dba98fd84a053749e719739bf08b8f64132016e2f075fe85a30,1,459,18,546,145,False,87,127,c3828da294143de60bbf8f640ef42d8eb353f91ce7fff664028c22ded687135c,c299fa546ff678495cf478683d6e92e070d6ce66161e4ab24ee0b2fba2bc5156
train/Colete/26_jpg.rf.f95610f94ba746761a1fee48ca6d6210__obj002.png,Colete,train,train/images/26_jpg.rf.f95610f94ba746761a1fee48ca6d6210.jpg,b77f8c0b4068edf11ebece21450fa647051d0f7b23529d2f7877db46aab5cb9c,d4c44486e5ab8dba98fd84a053749e719739bf08b8f64132016e2f075fe85a30,2,411,250,591,640,False,180,390,243caa793bce9b8caf7341b857ca71443f73dfc69334dc6dec077ec5d8a0f863,f28e4f8a03bd6d20591d27c6d2021bc1d9c6b4dc4ab87258df74d0da83e1063f
train/Pessoa/26_jpg.rf.f95610f94ba746761a1fee48ca6d6210__obj003.png,Pessoa,train,train/images/26_jpg.rf.f95610f94ba746761a1fee48ca6d6210.jpg,b77f8c0b4068edf11ebece21450fa647051d0f7b23529d2f7877db46aab5cb9c,d4c44486e5ab8dba98fd84a053749e719739bf08b8f64132016e2f075fe85a30,3,409,19,594,640,False,185,621,6beaa1f5a53229976bfaa95b3029c8771c6c00f0401990b5e86bc1f8e3e29254,718ea56e4750968cff657cd52963886d6e76bedbcc444b65d3b97a6137618572
train/Capacete/27_jpg.rf.059a6f7e66121c9efc411d8f373bbda9__obj001.png,Capacete,train,train/images/27_jpg.rf.059a6f7e66121c9efc411d8f373bbda9.jpg,fae1ef25e3447f9466d9386ff0d900cee72fde16d68da49fa665764a16cb4dd1,6f4067fc3190bd30d6aaa1daf64ed761a6cb82f165f0171a61934506dfa09ff4,1,161,28,293,235,False,132,207,3ccfb7229551c5fb1094edb0ed85422e4801cd75b34fa8d8c572d1cd556958d8,c95c66e157c68bc3c20f996c08a8770f20c1bc4274a5513de2fdbd1598b37f39
train/Colete/27_jpg.rf.059a6f7e66121c9efc411d8f373bbda9__obj002.png,Colete,train,train/images/27_jpg.rf.059a6f7e66121c9efc411d8f373bbda9.jpg,fae1ef25e3447f9466d9386ff0d900cee72fde16d68da49fa665764a16cb4dd1,6f4067fc3190bd30d6aaa1daf64ed761a6cb82f165f0171a61934506dfa09ff4,2,211,33,494,333,False,283,300,14639cafd87a6f6cfa322963a4547de0334d0ca7e2411ba199abfa855b9e633c,b001ef332d65532671d4f6e41c32adb43de0181e1af819121d5015fc5cd4d51c
train/Pessoa/27_jpg.rf.059a6f7e66121c9efc411d8f373bbda9__obj003.png,Pessoa,train,train/images/27_jpg.rf.059a6f7e66121c9efc411d8f373bbda9.jpg,fae1ef25e3447f9466d9386ff0d900cee72fde16d68da49fa665764a16cb4dd1,6f4067fc3190bd30d6aaa1daf64ed761a6cb82f165f0171a61934506dfa09ff4,3,152,29,522,640,False,370,611,a3341ae455427cc29507d2b2d944091fee125ed5081a054808a693fb061433df,8c6f74e2a73cb03f1803ca40043f57cf6751a6c8bd844975673ae7737b0c7dca
train/Capacete/28_jpg.rf.cd603571529f77ba9cbc0e39e7f46368__obj001.png,Capacete,train,train/images/28_jpg.rf.cd603571529f77ba9cbc0e39e7f46368.jpg,1c05c6d7730960a1f9e8df15e06e0163cea226f52f198f0b8e56c5887b84e7f4,e6ee546e9c60f382997b117f9b16eb033e7c1bbedf295ebb4ce4418179591f0c,1,151,6,256,206,False,105,200,93771f97c7963fa0e9cc796e3ac67b4a925d4247209f2d6ab938ef1bca44c655,6b0607c63e23171908d4181eda1aa4649ed8240d0e5c0de33560e43453049890
train/Pessoa/28_jpg.rf.cd603571529f77ba9cbc0e39e7f46368__obj002.png,Pessoa,train,train/images/28_jpg.rf.cd603571529f77ba9cbc0e39e7f46368.jpg,1c05c6d7730960a1f9e8df15e06e0163cea226f52f198f0b8e56c5887b84e7f4,e6ee546e9c60f382997b117f9b16eb033e7c1bbedf295ebb4ce4418179591f0c,2,39,7,303,640,False,264,633,53ba0bfdac823b9497712025532f35e5b31850e75e4d17c13cf8d9db5f03eac1,e20af74673d37892b68c70d6e3732d336351ebfdbe696862664af4671a1e849f
train/Capacete/30_jpg.rf.610d513f9289fe6510e571222018e99c__obj001.png,Capacete,train,train/images/30_jpg.rf.610d513f9289fe6510e571222018e99c.jpg,79892f8b6211f5de6a40e65fd8878a1cfa4d9ee2e452139f8ef733a4ed3cac65,6b09b89e72bdd6562233ef9d6b2b066d6a93cab628a6c156995a2446e39c1824,1,377,77,591,310,False,214,233,4e96d1066cb96caabb9955ff5d23e6259c7bc82942777911ab4b00850fa9db71,cc1a1d36b0896daa01cfb49ab4f02359539b40869944bf6359f8d66692abd9f5
train/Pessoa/30_jpg.rf.610d513f9289fe6510e571222018e99c__obj002.png,Pessoa,train,train/images/30_jpg.rf.610d513f9289fe6510e571222018e99c.jpg,79892f8b6211f5de6a40e65fd8878a1cfa4d9ee2e452139f8ef733a4ed3cac65,6b09b89e72bdd6562233ef9d6b2b066d6a93cab628a6c156995a2446e39c1824,2,127,82,640,640,False,513,558,60495dcc962a277442d4e166a7fd3fa8e188da0eb04704119121ad9a362d7fef,dd92ff96b28b1260537ac92fe4a425356328483cf1802b1fb9c7dcbeecac8e52
train/Capacete/31_jpg.rf.705d86041e9e27abb024d2828d36a541__obj001.png,Capacete,train,train/images/31_jpg.rf.705d86041e9e27abb024d2828d36a541.jpg,6bf7e9136eb0986666517fddd9e307d6125eac79562fe57c9cc0a0678d4e0843,66420fbe90f3f95058192a2c7f8ba458e82b0b0d754b745b8e4d30221eaa9bcf,1,386,276,454,352,False,68,76,5ab8237832c36988fa08cf50e9a36d33b50516a3f1893f81527dc1342502da91,800be6e219edcc372c0478be951d4291de9f255eaa5049462f41bb58a54472e5
train/Capacete/31_jpg.rf.705d86041e9e27abb024d2828d36a541__obj002.png,Capacete,train,train/images/31_jpg.rf.705d86041e9e27abb024d2828d36a541.jpg,6bf7e9136eb0986666517fddd9e307d6125eac79562fe57c9cc0a0678d4e0843,66420fbe90f3f95058192a2c7f8ba458e82b0b0d754b745b8e4d30221eaa9bcf,2,464,400,507,452,False,43,52,9a48e72fb301c7de004c9110b315e94a319151930c2744ca79a35311056aac49,ddf0a83dddc2b58301abe2aebfb768e16ae864c440301bb7d5e870ef57c559e1
train/Capacete/31_jpg.rf.705d86041e9e27abb024d2828d36a541__obj003.png,Capacete,train,train/images/31_jpg.rf.705d86041e9e27abb024d2828d36a541.jpg,6bf7e9136eb0986666517fddd9e307d6125eac79562fe57c9cc0a0678d4e0843,66420fbe90f3f95058192a2c7f8ba458e82b0b0d754b745b8e4d30221eaa9bcf,3,355,353,445,453,False,90,100,4c9c22501df279b8f013aafcfec72163d7d29ac1aff58c9e151fe8a8167cd134,88d0f3fc4ade2b8f4c71602c18e788f70aa554f28d77cb48cadabecc2f0e3079
train/Colete/31_jpg.rf.705d86041e9e27abb024d2828d36a541__obj004.png,Colete,train,train/images/31_jpg.rf.705d86041e9e27abb024d2828d36a541.jpg,6bf7e9136eb0986666517fddd9e307d6125eac79562fe57c9cc0a0678d4e0843,66420fbe90f3f95058192a2c7f8ba458e82b0b0d754b745b8e4d30221eaa9bcf,4,360,499,477,640,False,117,141,5198a226e21efe4df2f5849e5a13084e721231e9695c73f8fb5e4f8fd95d3531,c3d50873d9d469be86139a17d3193b03b48232a6de877e6c429fb882e01fd16b
train/Pessoa/31_jpg.rf.705d86041e9e27abb024d2828d36a541__obj005.png,Pessoa,train,train/images/31_jpg.rf.705d86041e9e27abb024d2828d36a541.jpg,6bf7e9136eb0986666517fddd9e307d6125eac79562fe57c9cc0a0678d4e0843,66420fbe90f3f95058192a2c7f8ba458e82b0b0d754b745b8e4d30221eaa9bcf,5,344,360,474,640,False,130,280,b0c135bb9ccb86bbdf48ce2736fa99b5c48ad0b4856ced586fa41e92b6239158,6ffca1db0161acb51d0cd7b17171e92a7cb7bcb4c0e4a6537c14ea641362c9b6
train/Pessoa/31_jpg.rf.705d86041e9e27abb024d2828d36a541__obj006.png,Pessoa,train,train/images/31_jpg.rf.705d86041e9e27abb024d2828d36a541.jpg,6bf7e9136eb0986666517fddd9e307d6125eac79562fe57c9cc0a0678d4e0843,66420fbe90f3f95058192a2c7f8ba458e82b0b0d754b745b8e4d30221eaa9bcf,6,385,274,486,619,False,101,345,44ca2bf48578863360cce14c1736284d7aa4f7b2103adae1f2679ebf3328fbf6,8dbe7e7371eefede420a21999b924c6759eb85004193706d6ec49770430e9993
train/Pessoa/31_jpg.rf.705d86041e9e27abb024d2828d36a541__obj007.png,Pessoa,train,train/images/31_jpg.rf.705d86041e9e27abb024d2828d36a541.jpg,6bf7e9136eb0986666517fddd9e307d6125eac79562fe57c9cc0a0678d4e0843,66420fbe90f3f95058192a2c7f8ba458e82b0b0d754b745b8e4d30221eaa9bcf,7,460,392,539,640,False,79,248,ef9d25afb60101a8ba9115468b5175a3061c9ff12c5243bdf01e5b1f6b49c4af,b9d9fe1811dbe9cc7e42996314b8b0c43af7298c1debe27a8f1f5840dd898c07
train/Capacete/32_jpg.rf.312265b722f8bed0b83b49767e4f451a__obj001.png,Capacete,train,train/images/32_jpg.rf.312265b722f8bed0b83b49767e4f451a.jpg,542fc8bb87a15455f9a0343398ff6722c7da552c51b4f959f0c0d7fc33b18724,89144fa3ef5550047913598816cf6cfa7555fa27c1fab3619fbd3e55196e5625,1,205,17,409,266,False,204,249,a5dab8c3300a9485cf4431cec5ec27c916c40f9afe37f350e71f80a5d5a8484f,e10333bd23737adb46ee8701564c36a0a099cd50c968d45b2cca91e36c1c7b06
train/Colete/32_jpg.rf.312265b722f8bed0b83b49767e4f451a__obj002.png,Colete,train,train/images/32_jpg.rf.312265b722f8bed0b83b49767e4f451a.jpg,542fc8bb87a15455f9a0343398ff6722c7da552c51b4f959f0c0d7fc33b18724,89144fa3ef5550047913598816cf6cfa7555fa27c1fab3619fbd3e55196e5625,2,114,430,507,640,False,393,210,2a1468fec9638a748d91635be1fa093d4089a5628f51c0b199fb7f12a881ba0f,2b9c1561c7e49947a52ab69d3e4b02334c92405d6654e6e08c8ae9f997d2dd30
train/Pessoa/32_jpg.rf.312265b722f8bed0b83b49767e4f451a__obj003.png,Pessoa,train,train/images/32_jpg.rf.312265b722f8bed0b83b49767e4f451a.jpg,542fc8bb87a15455f9a0343398ff6722c7da552c51b4f959f0c0d7fc33b18724,89144fa3ef5550047913598816cf6cfa7555fa27c1fab3619fbd3e55196e5625,3,80,20,510,639,False,430,619,4812eed51ba9407d0dc9dbb3c0ac269fc5542284b7cbb169bcd6ab346104479d,8163ff7b701fad9b750cdf197495f048452a51a269338012d869e97f0e2b4ea1
train/Capacete/33_jpg.rf.afc6f9b2df76dff4ddaa557dd132c014__obj001.png,Capacete,train,train/images/33_jpg.rf.afc6f9b2df76dff4ddaa557dd132c014.jpg,05b7e832275b41df40a1aca6c477d12e6181220fa0c06f74bd79c2067239fe6a,66d7a9240c84aefc31cc986b1574d893dd2d17978e6ab9cac88acab2186ec0a1,1,146,0,284,122,False,138,122,2f26200404398f8473f12a02aea0d267042121b2c76c15083f79a90ab3df5bc8,4a3461db3d1d8b4a47ab298f489608d5def7f2e7cbd2318dd5c721e1bb039bfe
train/Colete/33_jpg.rf.afc6f9b2df76dff4ddaa557dd132c014__obj002.png,Colete,train,train/images/33_jpg.rf.afc6f9b2df76dff4ddaa557dd132c014.jpg,05b7e832275b41df40a1aca6c477d12e6181220fa0c06f74bd79c2067239fe6a,66d7a9240c84aefc31cc986b1574d893dd2d17978e6ab9cac88acab2186ec0a1,2,117,138,361,519,False,244,381,fd50d074443cd3b5c7919db60384dd00d1247264dfe08da5f299a91ed23e74db,aaa70f6eceb134aa44e301bb53d35048455832ea5469ef067791f0c38d6dfc3b
train/Pessoa/33_jpg.rf.afc6f9b2df76dff4ddaa557dd132c014__obj003.png,Pessoa,train,train/images/33_jpg.rf.afc6f9b2df76dff4ddaa557dd132c014.jpg,05b7e832275b41df40a1aca6c477d12e6181220fa0c06f74bd79c2067239fe6a,66d7a9240c84aefc31cc986b1574d893dd2d17978e6ab9cac88acab2186ec0a1,3,82,3,374,639,False,292,636,71105c32bdde882583479d9538bfff84828cfdb28cde897d655c870649509afa,3285def2a87edd769d7652ef47a2a2ba430895ba431401750df45d97c5a96142
train/Pessoa/33_jpg.rf.afc6f9b2df76dff4ddaa557dd132c014__obj004.png,Pessoa,train,train/images/33_jpg.rf.afc6f9b2df76dff4ddaa557dd132c014.jpg,05b7e832275b41df40a1aca6c477d12e6181220fa0c06f74bd79c2067239fe6a,66d7a9240c84aefc31cc986b1574d893dd2d17978e6ab9cac88acab2186ec0a1,4,280,0,640,386,False,360,386,787067d412a39da9bf2516da1488e704724bf96c5f69bafbf88a8f8bceef8e1d,432fd86fbf818abb8fcdaaa170dc47e36d3128a021ae31d9d2b7fe3b522f45ff
train/Pessoa/34_jpg.rf.7d67e26c945d25b935ae738cc1b4d2ec__obj001.png,Pessoa,train,train/images/34_jpg.rf.7d67e26c945d25b935ae738cc1b4d2ec.jpg,2eb9ca6aa42451910123032a369e9c80226e8606d888505a8518932bcebc2f24,864b5cb0d502de17471c7cd66370455eb124c55ec33ceef08f5998b537256316,1,20,75,270,640,False,250,565,2f2bc364080245f78aea455abb2d0df12916d5637ae748e6afe5d965f1faa8b1,d0722e0d2ade8d5fe5a45c63e3ca3c380d0a94d92239ac578eddbfa3731ebc5c
train/Capacete/36_jpg.rf.d2bc35c9a73f17ef1a5fadd1ef50e48a__obj001.png,Capacete,train,train/images/36_jpg.rf.d2bc35c9a73f17ef1a5fadd1ef50e48a.jpg,3c6419855fbe2b379c54a45c9801d7fa99bc196450d2b283bc15779b0d3155e8,c31c7e7a1733ea2583400f961cf4a1697475bff65db5465a739da73361967125,1,169,185,197,210,False,28,25,a69daec479c6d3049962e4102a9c6aedcbdbf8b246b029660976646032191659,a5dad2bc178bbecfd91397876b6485f935a0affcb51fa35a844a54b7a9f395ad
train/Capacete/36_jpg.rf.d2bc35c9a73f17ef1a5fadd1ef50e48a__obj002.png,Capacete,train,train/images/36_jpg.rf.d2bc35c9a73f17ef1a5fadd1ef50e48a.jpg,3c6419855fbe2b379c54a45c9801d7fa99bc196450d2b283bc15779b0d3155e8,c31c7e7a1733ea2583400f961cf4a1697475bff65db5465a739da73361967125,2,262,203,296,223,False,34,20,93e071aea24a673a68a4b52a04d20951115730ce71713c0dac2f121efe9d7179,dd9277181c4a2ac17908dbb23ce154d0ad5be2c7493e220e18bd07dae9a5587b
train/Capacete/36_jpg.rf.d2bc35c9a73f17ef1a5fadd1ef50e48a__obj003.png,Capacete,train,train/images/36_jpg.rf.d2bc35c9a73f17ef1a5fadd1ef50e48a.jpg,3c6419855fbe2b379c54a45c9801d7fa99bc196450d2b283bc15779b0d3155e8,c31c7e7a1733ea2583400f961cf4a1697475bff65db5465a739da73361967125,3,339,214,364,237,False,25,23,91aa89fa519620e8b8db2ab112fd1ae3ab7e8cbf583017d5f81b23af14db4556,bf32c7aef3e4d0cb5a2ff0318069c8f25196b22613eb4d455be296c5a8ecfffa
train/Capacete/36_jpg.rf.d2bc35c9a73f17ef1a5fadd1ef50e48a__obj004.png,Capacete,train,train/images/36_jpg.rf.d2bc35c9a73f17ef1a5fadd1ef50e48a.jpg,3c6419855fbe2b379c54a45c9801d7fa99bc196450d2b283bc15779b0d3155e8,c31c7e7a1733ea2583400f961cf4a1697475bff65db5465a739da73361967125,4,389,233,417,255,False,28,22,cf84964737a13bf04cb47359cf2d10fa9f4f4da50cf0a991c69e166d23c7887a,1ab96cf5df9a1abffaa8fb94633a6275945c11972b3efa6743555526dc9055b4
train/Capacete/36_jpg.rf.d2bc35c9a73f17ef1a5fadd1ef50e48a__obj005.png,Capacete,train,train/images/36_jpg.rf.d2bc35c9a73f17ef1a5fadd1ef50e48a.jpg,3c6419855fbe2b379c54a45c9801d7fa99bc196450d2b283bc15779b0d3155e8,c31c7e7a1733ea2583400f961cf4a1697475bff65db5465a739da73361967125,5,469,217,499,245,False,30,28,e9870a9f7f880543e3635dec05dafbd59c5bd7531c0e144de18f52bb473f10d5,8f295bfcad46b0c67ace210820db848f6cc8354f1d0f4d42840ef5762d8d6b42
train/Capacete/36_jpg.rf.d2bc35c9a73f17ef1a5fadd1ef50e48a__obj006.png,Capacete,train,train/images/36_jpg.rf.d2bc35c9a73f17ef1a5fadd1ef50e48a.jpg,3c6419855fbe2b379c54a45c9801d7fa99bc196450d2b283bc15779b0d3155e8,c31c7e7a1733ea2583400f961cf4a1697475bff65db5465a739da73361967125,6,510,226,539,249,False,29,23,3655b2b74853d1613a495b07f419a9c59b0defb16364430646aab44527c64397,6eb70f1da76edad33bf570f52955da1e191e216154f9befa413f513c990a9576
train/Colete/36_jpg.rf.d2bc35c9a73f17ef1a5fadd1ef50e48a__obj007.png,Colete,train,train/images/36_jpg.rf.d2bc35c9a73f17ef1a5fadd1ef50e48a.jpg,3c6419855fbe2b379c54a45c9801d7fa99bc196450d2b283bc15779b0d3155e8,c31c7e7a1733ea2583400f961cf4a1697475bff65db5465a739da73361967125,7,154,215,206,302,False,52,87,7c36d3081096391ca011caeeac558ecfde5b870740fb0305ccec222ecb0b4578,0853ba674260b87fbb5956aaf497b5c2c44540a04e50a814c5f71e79fc9c4862
train/Colete/36_jpg.rf.d2bc35c9a73f17ef1a5fadd1ef50e48a__obj008.png,Colete,train,train/images/36_jpg.rf.d2bc35c9a73f17ef1a5fadd1ef50e48a.jpg,3c6419855fbe2b379c54a45c9801d7fa99bc196450d2b283bc15779b0d3155e8,c31c7e7a1733ea2583400f961cf4a1697475bff65db5465a739da73361967125,8,256,232,309,310,False,53,78,3f3ad8e94893c8f63cbb3049e2e973cfe3c9d1cf672dee6c2236a4a91681ba7e,aac77b3d0172ace76fb0f016fb2e463cefff48997494c1caa5fe3db3f8f41bde
train/Colete/36_jpg.rf.d2bc35c9a73f17ef1a5fadd1ef50e48a__obj009.png,Colete,train,train/images/36_jpg.rf.d2bc35c9a73f17ef1a5fadd1ef50e48a.jpg,3c6419855fbe2b379c54a45c9801d7fa99bc196450d2b283bc15779b0d3155e8,c31c7e7a1733ea2583400f961cf4a1697475bff65db5465a739da73361967125,9,335,243,380,316,False,45,73,4dd9d36b3c3837dfc762d8a8948d85533615438174124ff424f776259ac91c95,8425982c837b8664c0a2114489b62b3f4f328a69f69c93773d3e412a947237b0
train/Colete/36_jpg.rf.d2bc35c9a73f17ef1a5fadd1ef50e48a__obj010.png,Colete,train,train/images/36_jpg.rf.d2bc35c9a73f17ef1a5fadd1ef50e48a.jpg,3c6419855fbe2b379c54a45c9801d7fa99bc196450d2b283bc15779b0d3155e8,c31c7e7a1733ea2583400f961cf4a1697475bff65db5465a739da73361967125,10,380,255,430,333,False,50,78,c497701497f03b7f159866bec81d8be63d8819641de6605ccdf5e6ff21d2af10,451a7ad2c8f7c59deafecf1b81d989ed2d4d48f75dc8f2c185e982aaae857833
train/Colete/36_jpg.rf.d2bc35c9a73f17ef1a5fadd1ef50e48a__obj011.png,Colete,train,train/images/36_jpg.rf.d2bc35c9a73f17ef1a5fadd1ef50e48a.jpg,3c6419855fbe2b379c54a45c9801d7fa99bc196450d2b283bc15779b0d3155e8,c31c7e7a1733ea2583400f961cf4a1697475bff65db5465a739da73361967125,11,455,241,510,318,False,55,77,90ac68d216792cf1aa5f20d2160193ca11caaacb48d73bf06e3bd68d0a90a4b9,841d46369461e3ba299169effc44b0beb56383e2836eb270f05643f96613d38c
train/Colete/36_jpg.rf.d2bc35c9a73f17ef1a5fadd1ef50e48a__obj012.png,Colete,train,train/images/36_jpg.rf.d2bc35c9a73f17ef1a5fadd1ef50e48a.jpg,3c6419855fbe2b379c54a45c9801d7fa99bc196450d2b283bc15779b0d3155e8,c31c7e7a1733ea2583400f961cf4a1697475bff65db5465a739da73361967125,12,509,251,551,320,False,42,69,ad565cb5d9edabdd328e0850fcf7cb5d3c3616057a56584728c0deea41fdbbc8,03840a6ac84370634a5723699ba7003790db543db84cdb36f702d8108c7916a8
train/Pessoa/36_jpg.rf.d2bc35c9a73f17ef1a5fadd1ef50e48a__obj013.png,Pessoa,train,train/images/36_jpg.rf.d2bc35c9a73f17ef1a5fadd1ef50e48a.jpg,3c6419855fbe2b379c54a45c9801d7fa99bc196450d2b283bc15779b0d3155e8,c31c7e7a1733ea2583400f961cf4a1697475bff65db5465a739da73361967125,13,131,176,213,396,False,82,220,7543b1e2bad12c25a8972a41479fb8d6a025e0e304f8ce5c57b7c741a7cff92e,a8b78765179669e04403c942fe71ec677bce8e05bba77ad37cd71cf463980329
train/Pessoa/36_jpg.rf.d2bc35c9a73f17ef1a5fadd1ef50e48a__obj014.png,Pessoa,train,train/images/36_jpg.rf.d2bc35c9a73f17ef1a5fadd1ef50e48a.jpg,3c6419855fbe2b379c54a45c9801d7fa99bc196450d2b283bc15779b0d3155e8,c31c7e7a1733ea2583400f961cf4a1697475bff65db5465a739da73361967125,14,225,202,319,380,False,94,178,de8563d77963a78f55052a3d6f100d57e75a45f5975fe261ee037aef09a70635,b8bdd708aed685f9f0f0b0d2788f35abe3e2e165ec49caf6c09593c918ad53c4
train/Pessoa/36_jpg.rf.d2bc35c9a73f17ef1a5fadd1ef50e48a__obj015.png,Pessoa,train,train/images/36_jpg.rf.d2bc35c9a73f17ef1a5fadd1ef50e48a.jpg,3c6419855fbe2b379c54a45c9801d7fa99bc196450d2b283bc15779b0d3155e8,c31c7e7a1733ea2583400f961cf4a1697475bff65db5465a739da73361967125,15,324,213,384,393,False,60,180,44a00997719d711f23958916d84cae546227754c582067d281f8e95e26ae50bd,017dd15a1af9cd5b34ed86197f43e38b8213ff802d02b786f18d001df1ffbbc2
train/Pessoa/36_jpg.rf.d2bc35c9a73f17ef1a5fadd1ef50e48a__obj016.png,Pessoa,train,train/images/36_jpg.rf.d2bc35c9a73f17ef1a5fadd1ef50e48a.jpg,3c6419855fbe2b379c54a45c9801d7fa99bc196450d2b283bc15779b0d3155e8,c31c7e7a1733ea2583400f961cf4a1697475bff65db5465a739da73361967125,16,380,232,443,395,False,63,163,e0286b5888f6b2a995e5f63a27897f98c152fae6b1d2f6dc20c9f97ae31a386e,bab974578cad305864a05eeaadd0cafcf7de2f4978e9c4190f3bb40dd7c8de57
train/Pessoa/36_jpg.rf.d2bc35c9a73f17ef1a5fadd1ef50e48a__obj017.png,Pessoa,train,train/images/36_jpg.rf.d2bc35c9a73f17ef1a5fadd1ef50e48a.jpg,3c6419855fbe2b379c54a45c9801d7fa99bc196450d2b283bc15779b0d3155e8,c31c7e7a1733ea2583400f961cf4a1697475bff65db5465a739da73361967125,17,454,218,512,383,False,58,165,1d3563a6edc22645e925324f8b80fd034a98a3c8eaddcc4613d4a21834ddcfbc,a712234bf641e0dcdc013274d445d8bc2d707c72f58fbb368f8018215cd6e8a9
train/Pessoa/36_jpg.rf.d2bc35c9a73f17ef1a5fadd1ef50e48a__obj018.png,Pessoa,train,train/images/36_jpg.rf.d2bc35c9a73f17ef1a5fadd1ef50e48a.jpg,3c6419855fbe2b379c54a45c9801d7fa99bc196450d2b283bc15779b0d3155e8,c31c7e7a1733ea2583400f961cf4a1697475bff65db5465a739da73361967125,18,506,224,552,386,False,46,162,d9e47e9187d8e80c5c9cde60e0d1fa4518222c9203d1a00750aba34683654d44,8f5b0788198ad8240cd7f74fab2347dc3428ffb1d56067a3ec57625b89ba6e3b
train/Pessoa/36_jpg.rf.d2bc35c9a73f17ef1a5fadd1ef50e48a__obj019.png,Pessoa,train,train/images/36_jpg.rf.d2bc35c9a73f17ef1a5fadd1ef50e48a.jpg,3c6419855fbe2b379c54a45c9801d7fa99bc196450d2b283bc15779b0d3155e8,c31c7e7a1733ea2583400f961cf4a1697475bff65db5465a739da73361967125,19,546,266,598,377,False,52,111,ebe84b2059aa874a90f916ed12bb38962e10aaf6e14a1f5e3f5a2ff833597cc8,d99e5d95238ae03066d9d3ddc79ecc3f8fa6ee9ee1d4fe5920c1155a2f4766a1
train/Capacete/37_jpg.rf.3e1e8fff8d9b01a83f840ec5f2e415f1__obj001.png,Capacete,train,train/images/37_jpg.rf.3e1e8fff8d9b01a83f840ec5f2e415f1.jpg,fb40a0edc97c46e0cbb5024daf92f96e45843265524f2e2980ef79b96618f43a,a601bf99b43aa345c9b16891346a69df2297de35e58fe22e291e34e0b20eedc1,1,171,151,281,242,False,110,91,8dc0cbdd9a30b7634138b9ad41740dee101fb50e56bacbfe9490d6f84ca3c97b,d59590f24d28ef3fa781d07988c9f39313824a8695f7df99a7280087d9a98a25
train/Capacete/37_jpg.rf.3e1e8fff8d9b01a83f840ec5f2e415f1__obj002.png,Capacete,train,train/images/37_jpg.rf.3e1e8fff8d9b01a83f840ec5f2e415f1.jpg,fb40a0edc97c46e0cbb5024daf92f96e45843265524f2e2980ef79b96618f43a,a601bf99b43aa345c9b16891346a69df2297de35e58fe22e291e34e0b20eedc1,2,271,70,379,167,False,108,97,184d29a213724af329683fede94c4d3068c205c07ddb6a2cfa3519d3da44bcb2,686fead18245e7a29a9ecf04305ea6555f87fc7e5fcc1ebf22cbf0280fdc0f50
train/Pessoa/37_jpg.rf.3e1e8fff8d9b01a83f840ec5f2e415f1__obj003.png,Pessoa,train,train/images/37_jpg.rf.3e1e8fff8d9b01a83f840ec5f2e415f1.jpg,fb40a0edc97c46e0cbb5024daf92f96e45843265524f2e2980ef79b96618f43a,a601bf99b43aa345c9b16891346a69df2297de35e58fe22e291e34e0b20eedc1,3,110,150,297,638,False,187,488,0e063fe489110cfa116aaaaca2734789b7f53d978f545c3e1116bc024d897e92,5338aade9820c0f6735d7b7dd2ee163fdf93c5c1211067a478380318bc00010e
train/Pessoa/37_jpg.rf.3e1e8fff8d9b01a83f840ec5f2e415f1__obj004.png,Pessoa,train,train/images/37_jpg.rf.3e1e8fff8d9b01a83f840ec5f2e415f1.jpg,fb40a0edc97c46e0cbb5024daf92f96e45843265524f2e2980ef79b96618f43a,a601bf99b43aa345c9b16891346a69df2297de35e58fe22e291e34e0b20eedc1,4,149,68,501,559,False,352,491,36ca7fee496c4f84266421dcf1d82ad24707e6369ef3fc446ad7c636bddabe16,67459a8a8b5922b63283e892d1ae98027391796ad60f3f994c15c872f43af5ec
train/Colete/40_jpg.rf.8faf4db20668b3865522d017b4e0f32a__obj001.png,Colete,train,train/images/40_jpg.rf.8faf4db20668b3865522d017b4e0f32a.jpg,946a42ec566d832c572934b795fc78bd59c010224f017683ab0cb1a9784f4abc,23afb6b86450b1b0c34f5ca1f25740a76ce8bd57519079064de751343778661b,1,369,189,416,280,False,47,91,de9ab0e98752ed488f1a770af5c894050898bed424dc38645d5f33d833dc4234,aa9a1ac08d25a49994285bd7c6d79094e28c1145b95a1dd580908072408fb3b2
train/Pessoa/40_jpg.rf.8faf4db20668b3865522d017b4e0f32a__obj002.png,Pessoa,train,train/images/40_jpg.rf.8faf4db20668b3865522d017b4e0f32a.jpg,946a42ec566d832c572934b795fc78bd59c010224f017683ab0cb1a9784f4abc,23afb6b86450b1b0c34f5ca1f25740a76ce8bd57519079064de751343778661b,2,350,153,420,375,False,70,222,76e06ab3c18f95f2c0d6250e61dfe76fc0684422c4055b6b44ae6743f2b78bca,3eea8acb012ea84b72ee3068d453f91c87ae1deeb6707768ae187b706c824452
train/Pessoa/40_jpg.rf.8faf4db20668b3865522d017b4e0f32a__obj003.png,Pessoa,train,train/images/40_jpg.rf.8faf4db20668b3865522d017b4e0f32a.jpg,946a42ec566d832c572934b795fc78bd59c010224f017683ab0cb1a9784f4abc,23afb6b86450b1b0c34f5ca1f25740a76ce8bd57519079064de751343778661b,3,422,148,480,335,False,58,187,a12033a49a9f503f71e95ee61ead123793314876ac94a9a042187c841a5c2b9b,c43935250f543d4045ed815203e60d641eb12dc2449ac792060480978a84f2cc
train/Pessoa/40_jpg.rf.8faf4db20668b3865522d017b4e0f32a__obj004.png,Pessoa,train,train/images/40_jpg.rf.8faf4db20668b3865522d017b4e0f32a.jpg,946a42ec566d832c572934b795fc78bd59c010224f017683ab0cb1a9784f4abc,23afb6b86450b1b0c34f5ca1f25740a76ce8bd57519079064de751343778661b,4,296,194,337,312,False,41,118,6a914d70ddce736540ab0b19c4822c1af3d0e7caa54049d31ed72d9f6e2fd9d3,8858731878dff4b41ce2f6e8a12f1a6bfeefef8f5e88e447bb6fd543f4898816
train/Colete/42_jpg.rf.698fac5785401d4e3fb8f30ccbfa4bc3__obj001.png,Colete,train,train/images/42_jpg.rf.698fac5785401d4e3fb8f30ccbfa4bc3.jpg,3bf78764ac3de35ba7ba764671a3853aebaeeb49e9d2cac1a67a877eb2dad360,3ee395ebc76fec673c8928b710065ae85421a5aa1daf8eb2360c1fa11341c306,1,447,245,563,361,False,116,116,8112f8d9445dc24f13bfa51b3f9b2a0e84d68e8917d1ea37effd14dc838101b8,84e4ba6bd90a0e2c26ed71157dd15f73e8278028435ee11dc6a07052cc02ab82
train/Colete/42_jpg.rf.698fac5785401d4e3fb8f30ccbfa4bc3__obj002.png,Colete,train,train/images/42_jpg.rf.698fac5785401d4e3fb8f30ccbfa4bc3.jpg,3bf78764ac3de35ba7ba764671a3853aebaeeb49e9d2cac1a67a877eb2dad360,3ee395ebc76fec673c8928b710065ae85421a5aa1daf8eb2360c1fa11341c306,2,545,143,640,356,False,95,213,b83641475670fd83e11d7080ce74799f151aa3dbfffb848c7c0aa304439ccc62,df6ca884b3a7328f64f31c88cf90193f358c92b4b85ed443b487b44e9889bcea
train/Pessoa/42_jpg.rf.698fac5785401d4e3fb8f30ccbfa4bc3__obj003.png,Pessoa,train,train/images/42_jpg.rf.698fac5785401d4e3fb8f30ccbfa4bc3.jpg,3bf78764ac3de35ba7ba764671a3853aebaeeb49e9d2cac1a67a877eb2dad360,3ee395ebc76fec673c8928b710065ae85421a5aa1daf8eb2360c1fa11341c306,3,410,53,560,389,False,150,336,d9290e7671fe73a1c03620cea12647ac3eb341064eb91ff506cbe0209e6534cf,fb3c6c7b71421e44c6923067c35777665fd5293f4e68742a9fa28adf29b14990
train/Pessoa/42_jpg.rf.698fac5785401d4e3fb8f30ccbfa4bc3__obj004.png,Pessoa,train,train/images/42_jpg.rf.698fac5785401d4e3fb8f30ccbfa4bc3.jpg,3bf78764ac3de35ba7ba764671a3853aebaeeb49e9d2cac1a67a877eb2dad360,3ee395ebc76fec673c8928b710065ae85421a5aa1daf8eb2360c1fa11341c306,4,507,3,640,352,False,133,349,1a49ede53e2bd6df514186db5d97439e56f7c6df64dd8c9f747137ccee977555,22968748145d06b0ae7face738b6afc7aaff6623125db00a1c5317ba7efc4833
train/Pessoa/42_jpg.rf.698fac5785401d4e3fb8f30ccbfa4bc3__obj005.png,Pessoa,train,train/images/42_jpg.rf.698fac5785401d4e3fb8f30ccbfa4bc3.jpg,3bf78764ac3de35ba7ba764671a3853aebaeeb49e9d2cac1a67a877eb2dad360,3ee395ebc76fec673c8928b710065ae85421a5aa1daf8eb2360c1fa11341c306,5,145,63,370,376,False,225,313,2f86bd9f570fcc06d9899417adf933178e221d5deb420dfd8ece4347d366ee30,53e0af9659cebcb1192cb3a4990dc5cc6dd3fb65be692b2c0c31c3bd2e5b4675
train/Capacete/43_jpg.rf.9ef8f5395e2f1dc628cde71ddbffa1c6__obj001.png,Capacete,train,train/images/43_jpg.rf.9ef8f5395e2f1dc628cde71ddbffa1c6.jpg,cfad877a701029b4add62fc218082ed7e01563a6164b66cb401d15b4c3f9e65e,5e4785673466d79660225d56ba23ab7fe0ee1f971086e51ea8d35c68ee73b0a6,1,100,111,160,174,False,60,63,04e48c3c3a718bc14633debe87910475b51e6288bc9559bb9b24db72988a7a08,4f88d5a60b9447c6e0f3727c857456766ccb6d29d278de43d6108bca02e31813
train/Capacete/43_jpg.rf.9ef8f5395e2f1dc628cde71ddbffa1c6__obj002.png,Capacete,train,train/images/43_jpg.rf.9ef8f5395e2f1dc628cde71ddbffa1c6.jpg,cfad877a701029b4add62fc218082ed7e01563a6164b66cb401d15b4c3f9e65e,5e4785673466d79660225d56ba23ab7fe0ee1f971086e51ea8d35c68ee73b0a6,2,454,238,509,279,False,55,41,f5ff77e49ebaac2bd568c5810656441a15dca0f0c46795b083fbb87529a528b9,4044c69f6eeb7f764f1e1a3a1279a61a94a6e377b25802f479676dbfa14394fd
train/Capacete/43_jpg.rf.9ef8f5395e2f1dc628cde71ddbffa1c6__obj003.png,Capacete,train,train/images/43_jpg.rf.9ef8f5395e2f1dc628cde71ddbffa1c6.jpg,cfad877a701029b4add62fc218082ed7e01563a6164b66cb401d15b4c3f9e65e,5e4785673466d79660225d56ba23ab7fe0ee1f971086e51ea8d35c68ee73b0a6,3,549,188,598,226,False,49,38,c53d797233608581ed85fb338c53f47a179c6160f498b4a6f68224528a8b01d0,96ef1299aebcc3ffb419fd4468d07f9f1552c1ab1479175bbe56d10ad85a583c
train/Pessoa/43_jpg.rf.9ef8f5395e2f1dc628cde71ddbffa1c6__obj004.png,Pessoa,train,train/images/43_jpg.rf.9ef8f5395e2f1dc628cde71ddbffa1c6.jpg,cfad877a701029b4add62fc218082ed7e01563a6164b66cb401d15b4c3f9e65e,5e4785673466d79660225d56ba23ab7fe0ee1f971086e51ea8d35c68ee73b0a6,4,77,108,213,330,False,136,222,564d93394512b1bb32a2760fca0d6c6e8524fb0ab73bed8189a6505caf43ef42,76d7cff019514b317f7c20bfcc0da20c4cf4a1d0f0c605c4c60224fe9e4895d0
train/Pessoa/43_jpg.rf.9ef8f5395e2f1dc628cde71ddbffa1c6__obj005.png,Pessoa,train,train/images/43_jpg.rf.9ef8f5395e2f1dc628cde71ddbffa1c6.jpg,cfad877a701029b4add62fc218082ed7e01563a6164b66cb401d15b4c3f9e65e,5e4785673466d79660225d56ba23ab7fe0ee1f971086e51ea8d35c68ee73b0a6,5,320,227,447,610,False,127,383,4f02d71b48538f46ece7f85ac9bdfa0f6ccaa840cbb516f6e531f5ee1a003911,474314ff9f0f81df0720dbdd88f3c5c23444b1185ae2ec9621cb6af9af974be5
train/Pessoa/43_jpg.rf.9ef8f5395e2f1dc628cde71ddbffa1c6__obj006.png,Pessoa,train,train/images/43_jpg.rf.9ef8f5395e2f1dc628cde71ddbffa1c6.jpg,cfad877a701029b4add62fc218082ed7e01563a6164b66cb401d15b4c3f9e65e,5e4785673466d79660225d56ba23ab7fe0ee1f971086e51ea8d35c68ee73b0a6,6,441,225,616,635,False,175,410,733e4159a382e03d7043bc1af57e17e1714e944452db66235fd2b2f2a96e897b,8592af9dd9416b48a381230d6c375f840e779106c20ca75fba64597ada1d36cc
train/Pessoa/43_jpg.rf.9ef8f5395e2f1dc628cde71ddbffa1c6__obj007.png,Pessoa,train,train/images/43_jpg.rf.9ef8f5395e2f1dc628cde71ddbffa1c6.jpg,cfad877a701029b4add62fc218082ed7e01563a6164b66cb401d15b4c3f9e65e,5e4785673466d79660225d56ba23ab7fe0ee1f971086e51ea8d35c68ee73b0a6,7,541,177,640,606,False,99,429,d54bd36adcf686e63f764c7439dafe6fb50d8a4bfd5050ce8f371525f4e8f30b,f1c0b0707b28d962e1b415deef74f42e7ec66db71a3149bd7a148def551d0f0c
train/Pessoa/43_jpg.rf.9ef8f5395e2f1dc628cde71ddbffa1c6__obj008.png,Pessoa,train,train/images/43_jpg.rf.9ef8f5395e2f1dc628cde71ddbffa1c6.jpg,cfad877a701029b4add62fc218082ed7e01563a6164b66cb401d15b4c3f9e65e,5e4785673466d79660225d56ba23ab7fe0ee1f971086e51ea8d35c68ee73b0a6,8,220,197,284,483,False,64,286,dd6fa432f7731aa17807ef636adebb3c19c6f58cc822283b48f3ed4b446979f1,e3b61948e68203457eee3078e93801b7f38045fa0c5db899a419ecb11f59c9c9
train/Pessoa/43_jpg.rf.9ef8f5395e2f1dc628cde71ddbffa1c6__obj009.png,Pessoa,train,train/images/43_jpg.rf.9ef8f5395e2f1dc628cde71ddbffa1c6.jpg,cfad877a701029b4add62fc218082ed7e01563a6164b66cb401d15b4c3f9e65e,5e4785673466d79660225d56ba23ab7fe0ee1f971086e51ea8d35c68ee73b0a6,9,239,0,315,203,False,76,203,fd53f8b1b05b33de6e71fdd62e26c5bedee73c3d4a96fe35a1bfb6fc184aa1a7,cd05d1e88c5f97d2c67badbae697445057b3b57208f62a7a57549a4ba88aa749
train/Capacete/45_jpg.rf.2bcc2e52ff143888d10a829068a5cb8d__obj001.png,Capacete,train,train/images/45_jpg.rf.2bcc2e52ff143888d10a829068a5cb8d.jpg,4a97636b2704fb52966dcf24b9386699bfce56ec4959ae9995ef00348f913444,285405e0b915f06a639a7a5cb2a66107c527e084c461bcbd6e3eacf91c5c375c,1,269,0,636,289,False,367,289,8fd5cffec958b31c6adb713096b1ef1747cc4b819bbcd0375d78a5788dcd83e0,92d760a24d257eed61cbe7f8153d5abab78ac686a5765f21114c4a6fcd345d68
train/Pessoa/45_jpg.rf.2bcc2e52ff143888d10a829068a5cb8d__obj002.png,Pessoa,train,train/images/45_jpg.rf.2bcc2e52ff143888d10a829068a5cb8d.jpg,4a97636b2704fb52966dcf24b9386699bfce56ec4959ae9995ef00348f913444,285405e0b915f06a639a7a5cb2a66107c527e084c461bcbd6e3eacf91c5c375c,2,87,0,640,640,False,553,640,8168cad93aee3e3431d97585100126dfd436973ecd6b2f0dcb3c1d5cf8362072,806be8286ffbf9ac401bc1e7e828b3442439b7f14898378a79f7ce6e65e78b2d
train/Capacete/47_jpg.rf.40efcdd83e41b0c8919d388ee79e317b__obj001.png,Capacete,train,train/images/47_jpg.rf.40efcdd83e41b0c8919d388ee79e317b.jpg,2c83efe9a952997084fe5e72e37edb7a43db971214f84bb343fc930c5dbcb79c,fe749c6c61828ad75a171f36a8c3151a6308894635a8e5bb1595f364b5795b36,1,90,133,261,294,False,171,161,3d26161f8e78983459638cf040fd6a9689c14c4bcefd5515354f3c72508c465a,999e8df0de5ade3d4e963c94f73b46f87489f3e936891340d2a3328f1041289b
train/Capacete/47_jpg.rf.40efcdd83e41b0c8919d388ee79e317b__obj002.png,Capacete,train,train/images/47_jpg.rf.40efcdd83e41b0c8919d388ee79e317b.jpg,2c83efe9a952997084fe5e72e37edb7a43db971214f84bb343fc930c5dbcb79c,fe749c6c61828ad75a171f36a8c3151a6308894635a8e5bb1595f364b5795b36,2,398,0,575,72,False,177,72,2d64b1ef434713d37dd48d1c79b7fbbce1955c9343dd10977e3ccc0ce11030d1,f0dc683f0d565186ee35519be1213f69b2a1296916ee3812c5ce6041e7dc6e12
train/Pessoa/47_jpg.rf.40efcdd83e41b0c8919d388ee79e317b__obj003.png,Pessoa,train,train/images/47_jpg.rf.40efcdd83e41b0c8919d388ee79e317b.jpg,2c83efe9a952997084fe5e72e37edb7a43db971214f84bb343fc930c5dbcb79c,fe749c6c61828ad75a171f36a8c3151a6308894635a8e5bb1595f364b5795b36,3,0,132,427,640,False,427,508,c3032a1c79152c755fc9275df99a0785dab3b59c052b3fe68652e85c191d6b8c,a6b599f34d694e8ad3c39434cddda6ec8a3ce6be93262890b9ad48bea61b8981
train/Pessoa/47_jpg.rf.40efcdd83e41b0c8919d388ee79e317b__obj004.png,Pessoa,train,train/images/47_jpg.rf.40efcdd83e41b0c8919d388ee79e317b.jpg,2c83efe9a952997084fe5e72e37edb7a43db971214f84bb343fc930c5dbcb79c,fe749c6c61828ad75a171f36a8c3151a6308894635a8e5bb1595f364b5795b36,4,310,0,640,640,False,330,640,09a31dc3a657c7a6cf0a2c2323b82235737bdce108dbbff2e1938967cc107806,36f60735ae5bcf4a11111a40e6aef489e2a7bf351a5f0906d83326215a76305b
train/Colete/47_jpg.rf.40efcdd83e41b0c8919d388ee79e317b__obj005.png,Colete,train,train/images/47_jpg.rf.40efcdd83e41b0c8919d388ee79e317b.jpg,2c83efe9a952997084fe5e72e37edb7a43db971214f84bb343fc930c5dbcb79c,fe749c6c61828ad75a171f36a8c3151a6308894635a8e5bb1595f364b5795b36,5,379,141,639,625,False,260,484,786006aed35729746dc35762d1ad8f07495c0c0373ee0653bf2312a5155a53c1,4a2f46ed9899ac80e5f119f739232a2e8436930005bfca38b5c1f0f210d68bdd
train/Pessoa/48_jpg.rf.46856ec0a26b17536cd5b1e05925cae3__obj001.png,Pessoa,train,train/images/48_jpg.rf.46856ec0a26b17536cd5b1e05925cae3.jpg,ae0eca0623b7fc3122fe86c64ad887fce2b3db6f621c9c90476a8d3fc18d71a8,4c1b60ca4d0dc709fdb6e78b30443d99f9311ecd78e85a34584f3a60c0966a51,1,244,160,351,555,False,107,395,b31dbb1857b49cf630bdd91d33403016ba69e7070a7ea262dd72751d164bb348,fe5fbc07cdaa836ea7f25df0e707a5ffffee1804c05519dd7ae0c5cf7707ff82
train/Pessoa/48_jpg.rf.46856ec0a26b17536cd5b1e05925cae3__obj002.png,Pessoa,train,train/images/48_jpg.rf.46856ec0a26b17536cd5b1e05925cae3.jpg,ae0eca0623b7fc3122fe86c64ad887fce2b3db6f621c9c90476a8d3fc18d71a8,4c1b60ca4d0dc709fdb6e78b30443d99f9311ecd78e85a34584f3a60c0966a51,2,357,160,459,555,False,102,395,dbd12d087eff52784f1e2566eb90d62f6e8564a9e1a0c629bd1c29169027dd0c,f5d4cdc5f19b9409275035d3f8addce6e239f6cdfe1c080774df555cf9c875c6
train/Colete/48_jpg.rf.46856ec0a26b17536cd5b1e05925cae3__obj003.png,Colete,train,train/images/48_jpg.rf.46856ec0a26b17536cd5b1e05925cae3.jpg,ae0eca0623b7fc3122fe86c64ad887fce2b3db6f621c9c90476a8d3fc18d71a8,4c1b60ca4d0dc709fdb6e78b30443d99f9311ecd78e85a34584f3a60c0966a51,3,236,208,345,380,False,109,172,086e9bbe679908abace2d4caaffb00034b664d244cac8a9d28ad51e1aeb129c7,800e8e96e5149a94952c4380d12e70fcc610d4f3ebabd63fca50719cb101481f
train/Colete/48_jpg.rf.46856ec0a26b17536cd5b1e05925cae3__obj004.png,Colete,train,train/images/48_jpg.rf.46856ec0a26b17536cd5b1e05925cae3.jpg,ae0eca0623b7fc3122fe86c64ad887fce2b3db6f621c9c90476a8d3fc18d71a8,4c1b60ca4d0dc709fdb6e78b30443d99f9311ecd78e85a34584f3a60c0966a51,4,360,218,455,380,False,95,162,4889fb7e3c08b9b551987d18b145beea750db5b7eb11d40bee1c22afe7c8403f,c3dd0c5ec783bc6dbc5300e5565eeda9d9e9033c0d592dc9d9ba32868b501113
train/Colete/49_jpg.rf.d9a6900f3c8742e635115986cb71926b__obj001.png,Colete,train,train/images/49_jpg.rf.d9a6900f3c8742e635115986cb71926b.jpg,5c46a9eb29c726c12536790ef2cfb0959ea2cde7aaf6c5cb2712151af65309a3,4752a4fbf5617b9c90640a6eef5a8c773c7afb5e7a4ee476d8c8e337ef431958,1,226,280,481,640,False,255,360,56866029227d63b47c2b6dddf036f22125b34ed12106268ff4f66cbe511a4901,06b3f8bb35d23acc720e2729eacf4829b23754a26d9cedf56d6cabf759dd65be
train/Pessoa/49_jpg.rf.d9a6900f3c8742e635115986cb71926b__obj002.png,Pessoa,train,train/images/49_jpg.rf.d9a6900f3c8742e635115986cb71926b.jpg,5c46a9eb29c726c12536790ef2cfb0959ea2cde7aaf6c5cb2712151af65309a3,4752a4fbf5617b9c90640a6eef5a8c773c7afb5e7a4ee476d8c8e337ef431958,2,209,20,607,640,False,398,620,5902dd6d73e8fcf4e56e34af0fc525b1c9dc5b047a8ab5e0e088a2cc5e8772e5,e292b303531d89d52e8955aad5020c23b56c396e13a61421a461c38d1afa59ea
train/Pessoa/49_jpg.rf.d9a6900f3c8742e635115986cb71926b__obj003.png,Pessoa,train,train/images/49_jpg.rf.d9a6900f3c8742e635115986cb71926b.jpg,5c46a9eb29c726c12536790ef2cfb0959ea2cde7aaf6c5cb2712151af65309a3,4752a4fbf5617b9c90640a6eef5a8c773c7afb5e7a4ee476d8c8e337ef431958,3,0,122,198,640,False,198,518,2882edcd38d889baaad19866053cf94c66f76473f00d58e23ef923f7f0011755,7886736832f96942bbfb1cc4a9c9ca025955417966d5db75fa5b1ccf32419526
train/Capacete/4_jpg.rf.e027c2bb9571da2c5b05c0d0c85be7b3__obj001.png,Capacete,train,train/images/4_jpg.rf.e027c2bb9571da2c5b05c0d0c85be7b3.jpg,7875c2976e14e4d615d38a328476ef71d7567a9097e0886fcbb91612b31c92c8,1c6f3ccec7ea8033e35e9ceebf527401710f1da05ff9a1ad42e71c7ebdfc2758,1,300,214,430,374,False,130,160,058486bf2c36e10d0b4699796bba16a5467d83b3222fc8be963b1fb6b10ab771,447774d3a318b7a36ad6cb9566a2ab7d9c12f43b1e542de318fd70628e81f960
train/Capacete/4_jpg.rf.e027c2bb9571da2c5b05c0d0c85be7b3__obj002.png,Capacete,train,train/images/4_jpg.rf.e027c2bb9571da2c5b05c0d0c85be7b3.jpg,7875c2976e14e4d615d38a328476ef71d7567a9097e0886fcbb91612b31c92c8,1c6f3ccec7ea8033e35e9ceebf527401710f1da05ff9a1ad42e71c7ebdfc2758,2,125,468,222,590,False,97,122,ac83217081bc765d59440013f5666e2119c84c02d724ee5b10116f2c60fa1a1c,9dd062105418ab51131ff1984a1bd4b4c06f04d500b5d73ce19b9bfdd64b1767
train/Pessoa/4_jpg.rf.e027c2bb9571da2c5b05c0d0c85be7b3__obj003.png,Pessoa,train,train/images/4_jpg.rf.e027c2bb9571da2c5b05c0d0c85be7b3.jpg,7875c2976e14e4d615d38a328476ef71d7567a9097e0886fcbb91612b31c92c8,1c6f3ccec7ea8033e35e9ceebf527401710f1da05ff9a1ad42e71c7ebdfc2758,3,300,214,483,640,False,183,426,400af23746afc2c41f1e11d4426f376c7d9ad552e2f22d4c1c75e462d8c4351d,436bf45fb2c9fef36d2d39844abf55a4234cdfc600b0cf85c15afae43c808030
train/Pessoa/4_jpg.rf.e027c2bb9571da2c5b05c0d0c85be7b3__obj004.png,Pessoa,train,train/images/4_jpg.rf.e027c2bb9571da2c5b05c0d0c85be7b3.jpg,7875c2976e14e4d615d38a328476ef71d7567a9097e0886fcbb91612b31c92c8,1c6f3ccec7ea8033e35e9ceebf527401710f1da05ff9a1ad42e71c7ebdfc2758,4,335,0,640,640,False,305,640,fcd57b346d08e131a5aeeb287ec32b5ec509192db87961e6f318e826e97b1f5b,b859ec0cb77318a609de79ec7a38fb98bcee141bc2681908bbacf37ca5a1a2c7
train/Pessoa/4_jpg.rf.e027c2bb9571da2c5b05c0d0c85be7b3__obj005.png,Pessoa,train,train/images/4_jpg.rf.e027c2bb9571da2c5b05c0d0c85be7b3.jpg,7875c2976e14e4d615d38a328476ef71d7567a9097e0886fcbb91612b31c92c8,1c6f3ccec7ea8033e35e9ceebf527401710f1da05ff9a1ad42e71c7ebdfc2758,5,115,470,231,640,False,116,170,5b8ca2fdf854a3c4f893085a3d8e83dc9a903e3fe419be60747c8e70d6d09bb1,5c1063ac8c971de2ca6f316208163b1558c96ad1abd8d01fbf09e962e34a10a1
train/Colete/50_jpg.rf.82a9b502205a18b92affd7cbe54eb494__obj001.png,Colete,train,train/images/50_jpg.rf.82a9b502205a18b92affd7cbe54eb494.jpg,a28f5a54b790713233354d4f4a27cebbcb03c8c94c30d3412fcb15e8ecc98910,a1cec1fdd35cb956a011c9d68ad637b3ff95505efc562f1825da8876fed15a7b,1,152,174,492,495,False,340,321,d2a4bf2a2fadcaa2cac5b161fe6efd865e84e10c27b51c5e1d1a948604f6dbc7,89725a795a28ed0b4b9444c47b1837ab85aa08867d300e6d25bb15e20ac1b543
train/Pessoa/50_jpg.rf.82a9b502205a18b92affd7cbe54eb494__obj002.png,Pessoa,train,train/images/50_jpg.rf.82a9b502205a18b92affd7cbe54eb494.jpg,a28f5a54b790713233354d4f4a27cebbcb03c8c94c30d3412fcb15e8ecc98910,a1cec1fdd35cb956a011c9d68ad637b3ff95505efc562f1825da8876fed15a7b,2,119,19,530,640,False,411,621,fb52ffb512551cba87b81e078dd7db57a0d9b151d76d51e71518568d40a9b5b6,992756fb498e4551356cece60e25a1935cdc625b700b1081d234ddbd2164f731
train/Capacete/51_jpg.rf.f43e96a9db1653939ca4145d5ab9c1a4__obj001.png,Capacete,train,train/images/51_jpg.rf.f43e96a9db1653939ca4145d5ab9c1a4.jpg,e47b20480b0bf34eda686c4e0b8b0cd4075d2c5828a17d66b5cde81db2607325,25e9380ca96e20e7d87e3ff439f91b321c5ddbc0b0f10053b16fa6946c0c29df,1,100,9,587,537,False,487,528,a6ec5876edda517c8ed09c9f604f1b210b5bb9211368719a818c6c62d6abe148,e772e57d4ed6c76e4f18918818181af175e22988d27872832f5bb2d5c34b9cd1
train/Capacete/52_jpg.rf.d68b3f28c9baf436d1dc817c0a7203d4__obj001.png,Capacete,train,train/images/52_jpg.rf.d68b3f28c9baf436d1dc817c0a7203d4.jpg,49f096320737cb5ed3bc53df95cf3dc75741d020b40685697abc8f140078b2ff,252952a07e1af9c3a072844da73c97cdbf9ab38da53d3a22694aa3026caa675e,1,257,91,381,169,False,124,78,75ac0b3c980b7361e5622837e27f91adc8282a7e81d7d7a2bca13e7e39a756f8,ffc629756fab2484ab2c25e79d9e14bad1d976892b38508965c4e7ef895b35ab
train/Colete/52_jpg.rf.d68b3f28c9baf436d1dc817c0a7203d4__obj002.png,Colete,train,train/images/52_jpg.rf.d68b3f28c9baf436d1dc817c0a7203d4.jpg,49f096320737cb5ed3bc53df95cf3dc75741d020b40685697abc8f140078b2ff,252952a07e1af9c3a072844da73c97cdbf9ab38da53d3a22694aa3026caa675e,2,324,174,514,401,False,190,227,92b24eabc51517c4d195322fd88686a648936c0fa6f5cb2c96afdac750460827,9a809eecd6878fbac4849e83f56c82677260c9fef01854076b2f5ead2931b0d6
train/Pessoa/52_jpg.rf.d68b3f28c9baf436d1dc817c0a7203d4__obj003.png,Pessoa,train,train/images/52_jpg.rf.d68b3f28c9baf436d1dc817c0a7203d4.jpg,49f096320737cb5ed3bc53df95cf3dc75741d020b40685697abc8f140078b2ff,252952a07e1af9c3a072844da73c97cdbf9ab38da53d3a22694aa3026caa675e,3,241,89,513,517,False,272,428,24c886a5eecad34621646a56320dab5f2cc4936ecbfbc5d5cd23ff1b24d3e35c,695aa1a47226cd3e369229eac3e5ba4ff0a81118a988a9ef56eda496963ea28a
train/Capacete/53_jpg.rf.24a87cc4c8c03dbf6fb8036f91f8b291__obj001.png,Capacete,train,train/images/53_jpg.rf.24a87cc4c8c03dbf6fb8036f91f8b291.jpg,71ea045f400327465d5aa85f0005bac0bdeeae1eeaca4b3a6e96e540a2227abd,8365a1b17bef7a0527133bb8eef1f3ed35a91ed6d672a687fdb9c55f948f10ee,1,15,0,171,126,False,156,126,80c07a0ce2df5dd5ba3c98b32f403237c60e40e5cf47f9a09fcebce860b97048,fa3a707f49c8440a715df37ddc6c3023afa8ee4fe63a747cd076089961aad9c9
train/Colete/53_jpg.rf.24a87cc4c8c03dbf6fb8036f91f8b291__obj002.png,Colete,train,train/images/53_jpg.rf.24a87cc4c8c03dbf6fb8036f91f8b291.jpg,71ea045f400327465d5aa85f0005bac0bdeeae1eeaca4b3a6e96e540a2227abd,8365a1b17bef7a0527133bb8eef1f3ed35a91ed6d672a687fdb9c55f948f10ee,2,15,173,198,617,False,183,444,bd8df4ca28005b62344737551e6d5858a27948118e071e1940b5c93b9b470e0d,78b1cf88da044dcd508a7142802d228932085275cfb9a43c485086d6476d4157
train/Colete/53_jpg.rf.24a87cc4c8c03dbf6fb8036f91f8b291__obj003.png,Colete,train,train/images/53_jpg.rf.24a87cc4c8c03dbf6fb8036f91f8b291.jpg,71ea045f400327465d5aa85f0005bac0bdeeae1eeaca4b3a6e96e540a2227abd,8365a1b17bef7a0527133bb8eef1f3ed35a91ed6d672a687fdb9c55f948f10ee,3,390,72,640,443,False,250,371,bd25c27ac91dfa22c639b5e85bf454f61b8238a83c91402c19e40ac56c3103c7,5b396e21c308fe15ed65d5ef6a2b4ea5bdad1c12dc2a82ca4e5ff2c520374568
train/Pessoa/53_jpg.rf.24a87cc4c8c03dbf6fb8036f91f8b291__obj004.png,Pessoa,train,train/images/53_jpg.rf.24a87cc4c8c03dbf6fb8036f91f8b291.jpg,71ea045f400327465d5aa85f0005bac0bdeeae1eeaca4b3a6e96e540a2227abd,8365a1b17bef7a0527133bb8eef1f3ed35a91ed6d672a687fdb9c55f948f10ee,4,24,3,417,634,False,393,631,2e4a3755226d4da915c47891b1348b8ab951d9f1a30e3b4f8fd96ca08ee5187c,a069cf418798a59eea5f2efec1d77f07887ad5ee68376db51adc18d16f5f0a88
train/Pessoa/53_jpg.rf.24a87cc4c8c03dbf6fb8036f91f8b291__obj005.png,Pessoa,train,train/images/53_jpg.rf.24a87cc4c8c03dbf6fb8036f91f8b291.jpg,71ea045f400327465d5aa85f0005bac0bdeeae1eeaca4b3a6e96e540a2227abd,8365a1b17bef7a0527133bb8eef1f3ed35a91ed6d672a687fdb9c55f948f10ee,5,217,22,640,640,False,423,618,bafa6049788ed55026d490758104a645eb8f574ef648b1a24a4eac7b0df5f4e3,94c0607070dd2049e94a2e6010339e3a69b6a1ceda6a6c77ef23d2b018c85591
train/Capacete/54_jpg.rf.0382f2c3fd5f594126a046d859663e60__obj001.png,Capacete,train,train/images/54_jpg.rf.0382f2c3fd5f594126a046d859663e60.jpg,015389d2facd5676f33309bc2641294256f214c0b8390f8cf5dc4b63ce86bfdd,b9352490580e85839c74f8ee447fb990c1f43d063d7be466cc77419d222c111c,1,180,36,400,271,False,220,235,ab3d9fbd982eaeb85cb6db211356c968cb008006b01a9e108531daeb2e3d3e69,aed432f7124c4d659fdafd348e07a12e8f61431f4eed2d7aa53c78bfca1a4471
train/Capacete/54_jpg.rf.0382f2c3fd5f594126a046d859663e60__obj002.png,Capacete,train,train/images/54_jpg.rf.0382f2c3fd5f594126a046d859663e60.jpg,015389d2facd5676f33309bc2641294256f214c0b8390f8cf5dc4b63ce86bfdd,b9352490580e85839c74f8ee447fb990c1f43d063d7be466cc77419d222c111c,2,417,64,563,213,False,146,149,8b1fb2ec1d598ee3af32110c0cd34abb20858514f9f14c8e938a2cab0159c2c3,6eecaf05470ed39ccd0225051626efcb142e95974f372a7765e42e0d145d1caf
train/Capacete/54_jpg.rf.0382f2c3fd5f594126a046d859663e60__obj003.png,Capacete,train,train/images/54_jpg.rf.0382f2c3fd5f594126a046d859663e60.jpg,015389d2facd5676f33309bc2641294256f214c0b8390f8cf5dc4b63ce86bfdd,b9352490580e85839c74f8ee447fb990c1f43d063d7be466cc77419d222c111c,3,2,118,106,230,False,104,112,69092192e0c2680db14c62096c05c693b64f6277084456d5650ff01b5cb7bdc5,a923a342178b6851de7f436234799a5bf660c20d26cc394db87b97bde126d2c6
train/Colete/54_jpg.rf.0382f2c3fd5f594126a046d859663e60__obj004.png,Colete,train,train/images/54_jpg.rf.0382f2c3fd5f594126a046d859663e60.jpg,015389d2facd5676f33309bc2641294256f214c0b8390f8cf5dc4b63ce86bfdd,b9352490580e85839c74f8ee447fb990c1f43d063d7be466cc77419d222c111c,4,186,430,453,640,False,267,210,a2c5648ca9428bd01f8b43a95e405d171e74211bef75a5473a0c7bb12fb3b8c3,3a2e8d1ebab89a6d532b0c048e717f08d54a441ccff8991b44a4ab3910f7726c
train/Colete/54_jpg.rf.0382f2c3fd5f594126a046d859663e60__obj005.png,Colete,train,train/images/54_jpg.rf.0382f2c3fd5f594126a046d859663e60.jpg,015389d2facd5676f33309bc2641294256f214c0b8390f8cf5dc4b63ce86bfdd,b9352490580e85839c74f8ee447fb990c1f43d063d7be466cc77419d222c111c,5,0,424,131,640,False,131,216,24e3c4398daa81e673a8f05be28bc5adf3ac6c6bdf483fd1e67d4a1fe43d32a9,0572ecc5b21ed94d895bcfe814241aa1f2a9f63c422653bbd314139083e858d5
train/Colete/54_jpg.rf.0382f2c3fd5f594126a046d859663e60__obj006.png,Colete,train,train/images/54_jpg.rf.0382f2c3fd5f594126a046d859663e60.jpg,015389d2facd5676f33309bc2641294256f214c0b8390f8cf5dc4b63ce86bfdd,b9352490580e85839c74f8ee447fb990c1f43d063d7be466cc77419d222c111c,6,403,312,570,640,False,167,328,b2838a1b12cfa368e516e40ebcdee9399e5d0001447fb684e7088034bc6927ee,a2dbbd7eb682a3c988e7302b0812e2370be5ff1058c21dd9714a9336180f37f0
train/Colete/54_jpg.rf.0382f2c3fd5f594126a046d859663e60__obj007.png,Colete,train,train/images/54_jpg.rf.0382f2c3fd5f594126a046d859663e60.jpg,015389d2facd5676f33309bc2641294256f214c0b8390f8cf5dc4b63ce86bfdd,b9352490580e85839c74f8ee447fb990c1f43d063d7be466cc77419d222c111c,7,573,340,640,640,False,67,300,2d556806c507c63febe2f1e39a63c09f16b2e02b6cbd553d597beddce50f4352,44b410a48ac7ce66a644ea3734298f2cb4ccc99ba3f74f14423c996eb14ac298
train/Pessoa/54_jpg.rf.0382f2c3fd5f594126a046d859663e60__obj008.png,Pessoa,train,train/images/54_jpg.rf.0382f2c3fd5f594126a046d859663e60.jpg,015389d2facd5676f33309bc2641294256f214c0b8390f8cf5dc4b63ce86bfdd,b9352490580e85839c74f8ee447fb990c1f43d063d7be466cc77419d222c111c,8,0,159,138,640,False,138,481,f5b620f91f3457f411a2b0437ff9ae4e1db5f3abd831035e12c1978a0cace8a9,bf702e795ae4b6fcceaf7d0378b38a7287e65a1d060afaab4f1dcf93f1ebdd3a
train/Pessoa/54_jpg.rf.0382f2c3fd5f594126a046d859663e60__obj009.png,Pessoa,train,train/images/54_jpg.rf.0382f2c3fd5f594126a046d859663e60.jpg,015389d2facd5676f33309bc2641294256f214c0b8390f8cf5dc4b63ce86bfdd,b9352490580e85839c74f8ee447fb990c1f43d063d7be466cc77419d222c111c,9,70,30,578,640,False,508,610,5fc1b46964b3407b03b0027b9b064cba5b9175069abf49c42b44c222de7cae21,d60790aded90388051930b2f36d56e9dde2cb078e8b9215a74416e7ce71f455a
train/Pessoa/54_jpg.rf.0382f2c3fd5f594126a046d859663e60__obj010.png,Pessoa,train,train/images/54_jpg.rf.0382f2c3fd5f594126a046d859663e60.jpg,015389d2facd5676f33309bc2641294256f214c0b8390f8cf5dc4b63ce86bfdd,b9352490580e85839c74f8ee447fb990c1f43d063d7be466cc77419d222c111c,10,400,57,640,640,False,240,583,9706727f2b0bcdfda398dea5fb881e93f43196d798bec1b3d906e92c61388cae,80553df0e6148c10f48d6211bd6b7f020a3b9b5a03cbf3960e7db9c5c5ff07b3
train/Pessoa/54_jpg.rf.0382f2c3fd5f594126a046d859663e60__obj011.png,Pessoa,train,train/images/54_jpg.rf.0382f2c3fd5f594126a046d859663e60.jpg,015389d2facd5676f33309bc2641294256f214c0b8390f8cf5dc4b63ce86bfdd,b9352490580e85839c74f8ee447fb990c1f43d063d7be466cc77419d222c111c,11,145,8,241,252,False,96,244,716dc945cbaf1096cdf81d531a6adf36167386dc6ab9cd41f2c630b0e42c888e,77ad18540aa6555560645e6caf34db80a5d8d71742675aaba6c737a08920f240
train/Capacete/55_jpg.rf.c1e78be7cfad39ac303910f6e13e0e07__obj001.png,Capacete,train,train/images/55_jpg.rf.c1e78be7cfad39ac303910f6e13e0e07.jpg,1bb2cba00529c0f3359269cc27a22106ebca2d40d2ff02cd584de20c13db1d2d,2ee10eee9e82dabe3452a611d30fdb35488c4c7054933e33b86e9cd5585deee4,1,59,201,129,303,False,70,102,d9a71685f9bd62f4071b0861c2482caab503d9e2be263aca31a9cbbacce1e3b2,631adf514d96fdbc165fae5010f4b8fd940c4699dedce14c52eb9a769b10ff0b
train/Capacete/55_jpg.rf.c1e78be7cfad39ac303910f6e13e0e07__obj002.png,Capacete,train,train/images/55_jpg.rf.c1e78be7cfad39ac303910f6e13e0e07.jpg,1bb2cba00529c0f3359269cc27a22106ebca2d40d2ff02cd584de20c13db1d2d,2ee10eee9e82dabe3452a611d30fdb35488c4c7054933e33b86e9cd5585deee4,2,279,63,366,220,False,87,157,81aa15bc7bbeb4257df8cf50c88d419d98307dd65b8daeaebbe229a334c03138,932a08ea0a83cd32da9cb99bc4389925b9f3d0fbdff2b7edc40b151e54e1764a
train/Colete/55_jpg.rf.c1e78be7cfad39ac303910f6e13e0e07__obj003.png,Colete,train,train/images/55_jpg.rf.c1e78be7cfad39ac303910f6e13e0e07.jpg,1bb2cba00529c0f3359269cc27a22106ebca2d40d2ff02cd584de20c13db1d2d,2ee10eee9e82dabe3452a611d30fdb35488c4c7054933e33b86e9cd5585deee4,3,25,328,130,639,False,105,311,19442eda3fbed266f50367651e73c1fa951d4de270a1dc05994beaea152fe562,1a5e686558ff52bd13b25cfc972677251f6c25b516d9e62a62785f5c7126dd43
train/Colete/55_jpg.rf.c1e78be7cfad39ac303910f6e13e0e07__obj004.png,Colete,train,train/images/55_jpg.rf.c1e78be7cfad39ac303910f6e13e0e07.jpg,1bb2cba00529c0f3359269cc27a22106ebca2d40d2ff02cd584de20c13db1d2d,2ee10eee9e82dabe3452a611d30fdb35488c4c7054933e33b86e9cd5585deee4,4,282,202,426,580,False,144,378,82cb10ae926a262e8c13560327f7afdf41f25705dc2d7d6971097ba948a9381c,4a7691a414964668e77fee4dabc0de41e7c26a99f6bbf4b76de57438f10f73ac
train/Colete/55_jpg.rf.c1e78be7cfad39ac303910f6e13e0e07__obj005.png,Colete,train,train/images/55_jpg.rf.c1e78be7cfad39ac303910f6e13e0e07.jpg,1bb2cba00529c0f3359269cc27a22106ebca2d40d2ff02cd584de20c13db1d2d,2ee10eee9e82dabe3452a611d30fdb35488c4c7054933e33b86e9cd5585deee4,5,15,199,144,640,False,129,441,a8deb604129fded4359482f91fa2177e001dedfc2443771386d230c607997be3,9c2c0e939061adb8fb8022af3718f2260379ae2e3a90e3538e910f3f74d6f8a1
train/Colete/55_jpg.rf.c1e78be7cfad39ac303910f6e13e0e07__obj006.png,Colete,train,train/images/55_jpg.rf.c1e78be7cfad39ac303910f6e13e0e07.jpg,1bb2cba00529c0f3359269cc27a22106ebca2d40d2ff02cd584de20c13db1d2d,2ee10eee9e82dabe3452a611d30fdb35488c4c7054933e33b86e9cd5585deee4,6,264,62,441,640,False,177,578,09e7f46d231aa16c20c4b1bb58a9dd8501f651011a2076349fde9d8d561ba29d,496d604a21cce54ef45c0dacd4b1849ad963d50a3ffd7978703e75731a79b1e4
train/Colete/56_jpg.rf.571322f1aa90d26ec6334b85d71aac33__obj001.png,Colete,train,train/images/56_jpg.rf.571322f1aa90d26ec6334b85d71aac33.jpg,10c6213d9065b5613ef9c64228cfcac3cec59070f4ba98586d1a8fbc7b3d8e3a,5a71067ebc02e5a64b9837e49c12e3a3ce6d2008f33ddbebf28f71a83b58312c,1,167,183,487,519,False,320,336,f572c99589bdf5297e0338b29d1e7c65518dca44d655a5a14a9a91d7adfae0f2,913cdd13e463848858bda54ba4da0fd236f7766f3ff6c707b10d244113fa6fd4
train/Pessoa/56_jpg.rf.571322f1aa90d26ec6334b85d71aac33__obj002.png,Pessoa,train,train/images/56_jpg.rf.571322f1aa90d26ec6334b85d71aac33.jpg,10c6213d9065b5613ef9c64228cfcac3cec59070f4ba98586d1a8fbc7b3d8e3a,5a71067ebc02e5a64b9837e49c12e3a3ce6d2008f33ddbebf28f71a83b58312c,2,121,16,528,640,False,407,624,5cbc311ea83a405f9cf10e151649c6c5eaa903ea3da6991679bd14d27fe15e7d,66bc2e7698585949e1e5f572cc9dcca85d759b831a5c7294a82e3ba57f228c76
train/Capacete/5_jpg.rf.af671a793fbd4b407b05e4f960d17e6c__obj001.png,Capacete,train,train/images/5_jpg.rf.af671a793fbd4b407b05e4f960d17e6c.jpg,99797cd2126e67eb96301e70524fc763eb260da07ac3b88ab4df9b5250f56716,440748f8fd599f91a646e28fdde14ae0919dbea0137ffe6b6265e16fa250d82d,1,75,1,220,93,False,145,92,6a57d51f93659ff855f60689bd7a244d99c45fca26ec7c0272051a58abb20ea3,51f4a2d3b098ae1a6a316bd82e5fdd2f9fb8d01fa72dabf7042dbbe023657bc7
train/Capacete/5_jpg.rf.af671a793fbd4b407b05e4f960d17e6c__obj002.png,Capacete,train,train/images/5_jpg.rf.af671a793fbd4b407b05e4f960d17e6c.jpg,99797cd2126e67eb96301e70524fc763eb260da07ac3b88ab4df9b5250f56716,440748f8fd599f91a646e28fdde14ae0919dbea0137ffe6b6265e16fa250d82d,2,216,53,344,180,False,128,127,9244e4f42424aff56dc26b301a6733a6c1ce4545cc0ace8a5c2b4435c1d9a9e3,86b3942a54522b8528b315e5d17e35a947c41d9ab14f5f5335cf0d71e203a49a
train/Colete/5_jpg.rf.af671a793fbd4b407b05e4f960d17e6c__obj003.png,Colete,train,train/images/5_jpg.rf.af671a793fbd4b407b05e4f960d17e6c.jpg,99797cd2126e67eb96301e70524fc763eb260da07ac3b88ab4df9b5250f56716,440748f8fd599f91a646e28fdde14ae0919dbea0137ffe6b6265e16fa250d82d,3,35,185,244,552,False,209,367,08aa1f9d73cb87f347fa6de79f8af85b99117385105e7b147bcd0c273d516619,1366a40827ca8fa19d272a19a27b32b8e7b356a3f680d6321029b19a86e045c6
train/Pessoa/5_jpg.rf.af671a793fbd4b407b05e4f960d17e6c__obj004.png,Pessoa,train,train/images/5_jpg.rf.af671a793fbd4b407b05e4f960d17e6c.jpg,99797cd2126e67eb96301e70524fc763eb260da07ac3b88ab4df9b5250f56716,440748f8fd599f91a646e28fdde14ae0919dbea0137ffe6b6265e16fa250d82d,4,35,0,282,610,False,247,610,c651f1ab310110d852d6460b555c84ecfb80c3f28f785b0e34ee65d9c070b558,9d8b1dfc3f134c60991e434bed834f20a5d4d25207197d811a56b9df581f9bbc
train/Pessoa/5_jpg.rf.af671a793fbd4b407b05e4f960d17e6c__obj005.png,Pessoa,train,train/images/5_jpg.rf.af671a793fbd4b407b05e4f960d17e6c.jpg,99797cd2126e67eb96301e70524fc763eb260da07ac3b88ab4df9b5250f56716,440748f8fd599f91a646e28fdde14ae0919dbea0137ffe6b6265e16fa250d82d,5,219,51,575,558,False,356,507,9033f9ad44cdbea30e7173a3c71f92506cd09217d9fe90fc2e37993a97528386,973b01b8da3750d0182ca8fb836fb7e133c4874b8ab451f9ba9e8cd5646ed287
train/Capacete/60_jpg.rf.fb4431d155886af85b86bc7f229c208e__obj001.png,Capacete,train,train/images/60_jpg.rf.fb4431d155886af85b86bc7f229c208e.jpg,b96450f618b6923e3d1d09dee1ada1f142247a540862d81b6cff60239cd6781d,fbc9c60b593533516e3b63725c95247bbc463b2c700b50da36334d5323cebf96,1,285,106,365,198,False,80,92,321d6eccde53582efd19583ac7dbfe7be9ed7838bdbc6fd5783b9d051f0b9a0f,cd2e492d6d39216cb35d195d8330d277a02eb98d70da7f97b9f08c5d88e4f967
train/Colete/60_jpg.rf.fb4431d155886af85b86bc7f229c208e__obj002.png,Colete,train,train/images/60_jpg.rf.fb4431d155886af85b86bc7f229c208e.jpg,b96450f618b6923e3d1d09dee1ada1f142247a540862d81b6cff60239cd6781d,fbc9c60b593533516e3b63725c95247bbc463b2c700b50da36334d5323cebf96,2,242,263,392,639,False,150,376,b5548e8a7afbe45e8c4784003c19a02763204ebd93689f12b088af73872aabe0,b1c656b170d39b7194cf2823d8db158c373c629688c7653a59f856c3fd662556
train/Pessoa/60_jpg.rf.fb4431d155886af85b86bc7f229c208e__obj003.png,Pessoa,train,train/images/60_jpg.rf.fb4431d155886af85b86bc7f229c208e.jpg,b96450f618b6923e3d1d09dee1ada1f142247a540862d81b6cff60239cd6781d,fbc9c60b593533516e3b63725c95247bbc463b2c700b50da36334d5323cebf96,3,227,100,402,640,False,175,540,a36aa9bf4d934117d4b417e1a0fc8a5995ec2e1186ecd7c61693bd2af3ea60f1,03fc5a225530ec6901f5ad0090d18403d2d60e1c7325adca3adaa7298ae21394
train/Capacete/61_jpg.rf.e477511e057a83f5ca730322836a3daa__obj001.png,Capacete,train,train/images/61_jpg.rf.e477511e057a83f5ca730322836a3daa.jpg,88cd15990699c57fbef4c6f24fef5f0e24420119c820ac69437d95490b4b73d7,7139eef4051ea4b748bf933e9748f6e6fc2cf59bb5228374c61620e91b449d52,1,75,40,401,349,False,326,309,d610adece48d4f60e540bc7bceee2f2382f55d0cf09ebdc023e6e7e783e8340a,c54c56188058601290b50f1bdb467a86e02ad83b55e505408c94bfb53b08b443
train/Capacete/61_jpg.rf.e477511e057a83f5ca730322836a3daa__obj002.png,Capacete,train,train/images/61_jpg.rf.e477511e057a83f5ca730322836a3daa.jpg,88cd15990699c57fbef4c6f24fef5f0e24420119c820ac69437d95490b4b73d7,7139eef4051ea4b748bf933e9748f6e6fc2cf59bb5228374c61620e91b449d52,2,380,163,588,358,False,208,195,d239a7d7b78610bd0f7108d5153ae790973cdc147b87afd824d8619b4a193531,a8a781da55867351e91e388ff3c90017e111fa964930ab6e7878615f9a9f003c
train/Pessoa/61_jpg.rf.e477511e057a83f5ca730322836a3daa__obj003.png,Pessoa,train,train/images/61_jpg.rf.e477511e057a83f5ca730322836a3daa.jpg,88cd15990699c57fbef4c6f24fef5f0e24420119c820ac69437d95490b4b73d7,7139eef4051ea4b748bf933e9748f6e6fc2cf59bb5228374c61620e91b449d52,3,12,49,640,640,False,628,591,1d69939676c570f2dec13a2a30af8666c735e35b36fa35ff1967c1bad7597e04,9a70835d0eaee102bf38c83b706629eb57e65d341c89c81c70dd8713ab0069b3
train/Pessoa/61_jpg.rf.e477511e057a83f5ca730322836a3daa__obj004.png,Pessoa,train,train/images/61_jpg.rf.e477511e057a83f5ca730322836a3daa.jpg,88cd15990699c57fbef4c6f24fef5f0e24420119c820ac69437d95490b4b73d7,7139eef4051ea4b748bf933e9748f6e6fc2cf59bb5228374c61620e91b449d52,4,390,166,640,584,False,250,418,f3f4184af4504037735c46e88c8d41e748ec4585dbe47d1d50ee2aae6053d14d,8f730328e752190f116d0e92574df4b88e61b93dddb242eb0f620225560e39bb
train/Capacete/63_jpg.rf.7709912ae1539f8acda68b7a4ccd4f21__obj001.png,Capacete,train,train/images/63_jpg.rf.7709912ae1539f8acda68b7a4ccd4f21.jpg,0606d01d98ec128cbedcdd9754c84b3fffc683e5e0af49053c6faf4ca6c3634d,2476944ba672b5842e180ebbfe54fb0748a598d87947028ecd216edc94ed1a54,1,502,117,578,231,False,76,114,dd92c1ee16ef696aad7c68d3774e64bb1e29a7caa7b99f51e569ff2f01c37528,10437d2728dcd8f93af4c85960373ae4a6c50a244f8536fb9177aca8515a9ca9
train/Pessoa/63_jpg.rf.7709912ae1539f8acda68b7a4ccd4f21__obj002.png,Pessoa,train,train/images/63_jpg.rf.7709912ae1539f8acda68b7a4ccd4f21.jpg,0606d01d98ec128cbedcdd9754c84b3fffc683e5e0af49053c6faf4ca6c3634d,2476944ba672b5842e180ebbfe54fb0748a598d87947028ecd216edc94ed1a54,2,96,113,578,498,False,482,385,7552b0c2bb01f583458fb92816938d5010efbc6f62d68308fee05275973962f8,d52a5c82fe36e18b6ce1cd54a09f49ac6fff73d69338a2d4c683fd13508bf943
train/Capacete/64_jpg.rf.b885ff4fb9789cf252e4fa49b2cab878__obj001.png,Capacete,train,train/images/64_jpg.rf.b885ff4fb9789cf252e4fa49b2cab878.jpg,a6bcdd557b6f2871340eaba569b240afae2cb0a2de906ebde37cf091ac4282fb,ed3c93fae28b7d3697a761f1488856748be9bef37a7e3d502025fb7e241adfea,1,43,80,183,188,False,140,108,7762207090dedbba7cf690d375129ee4e1a0593627383561d7568a6f8d7d91d8,304dc4852d05ed3cb2cbbce22c21dd4712b8724b6696f81e9fb97b2154865195
train/Capacete/64_jpg.rf.b885ff4fb9789cf252e4fa49b2cab878__obj002.png,Capacete,train,train/images/64_jpg.rf.b885ff4fb9789cf252e4fa49b2cab878.jpg,a6bcdd557b6f2871340eaba569b240afae2cb0a2de906ebde37cf091ac4282fb,ed3c93fae28b7d3697a761f1488856748be9bef37a7e3d502025fb7e241adfea,2,247,136,375,258,False,128,122,6aff89bc157442530203d598ca727a04d09affcf3938cc847a41dea29493c50b,84922b5d4e1fc28f5601dc5ec99af7553d8c8fbb10b87cd56fcfe44980578a68
train/Colete/64_jpg.rf.b885ff4fb9789cf252e4fa49b2cab878__obj003.png,Colete,train,train/images/64_jpg.rf.b885ff4fb9789cf252e4fa49b2cab878.jpg,a6bcdd557b6f2871340eaba569b240afae2cb0a2de906ebde37cf091ac4282fb,ed3c93fae28b7d3697a761f1488856748be9bef37a7e3d502025fb7e241adfea,3,0,222,243,543,False,243,321,8e980f06593a236511e4a08b6ba5193a22c2e249e5b35890fb4a896ae479f284,967da4fc3c1b220405a52e50573e867c4f092f1a498d6a520a7b847a228bcf2b
train/Colete/64_jpg.rf.b885ff4fb9789cf252e4fa49b2cab878__obj004.png,Colete,train,train/images/64_jpg.rf.b885ff4fb9789cf252e4fa49b2cab878.jpg,a6bcdd557b6f2871340eaba569b240afae2cb0a2de906ebde37cf091ac4282fb,ed3c93fae28b7d3697a761f1488856748be9bef37a7e3d502025fb7e241adfea,4,245,294,437,434,False,192,140,0dc4f76b82c10881c5367f795a6ac6d09293979118b470a9145ec397ffffa42c,1668dde92859552d4ede6cd9576bc8cea2b5b56b38bfd83821a3d1e5c36e4d0b
train/Pessoa/64_jpg.rf.b885ff4fb9789cf252e4fa49b2cab878__obj005.png,Pessoa,train,train/images/64_jpg.rf.b885ff4fb9789cf252e4fa49b2cab878.jpg,a6bcdd557b6f2871340eaba569b240afae2cb0a2de906ebde37cf091ac4282fb,ed3c93fae28b7d3697a761f1488856748be9bef37a7e3d502025fb7e241adfea,5,0,80,244,640,False,244,560,10a6ab4531421a2987663bf92aa6d3ba90c1896dcf8e64dfdf459d8cfca70492,a831072e9a25f57c23e67b2f611fc57008f578d043b35cdf621998425887b97a
train/Pessoa/64_jpg.rf.b885ff4fb9789cf252e4fa49b2cab878__obj006.png,Pessoa,train,train/images/64_jpg.rf.b885ff4fb9789cf252e4fa49b2cab878.jpg,a6bcdd557b6f2871340eaba569b240afae2cb0a2de906ebde37cf091ac4282fb,ed3c93fae28b7d3697a761f1488856748be9bef37a7e3d502025fb7e241adfea,6,224,139,489,639,False,265,500,28925b5804268d2dec579386c2b15d07080abc497250ddf7097356159d3e6971,a056fe02e3ee1ad9d4851f54fcc98e5d666d5abd67ee2dbc9d61fea9bc8fcfcd
train/Capacete/65_jpg.rf.dfdbfc5f147710ceb3d5261904f29d81__obj001.png,Capacete,train,train/images/65_jpg.rf.dfdbfc5f147710ceb3d5261904f29d81.jpg,fda886e3157cf5ff1d5e0fd3b6f23095f1e8f5de88321b7466132d02a536de6c,c822ebae8200fb18570ec9d1c04d31dcff25e9adfb660f0e76ad283273170aa0,1,475,349,503,384,False,28,35,6b91f8b1e5172aea20d808bf04639d014c5f20dbf362bc9a4f6467059d962d43,de46defeb1ec3efaf8b638c85d4edd2c048a47efb8d69107eda79f66ba93cce4
train/Colete/65_jpg.rf.dfdbfc5f147710ceb3d5261904f29d81__obj002.png,Colete,train,train/images/65_jpg.rf.dfdbfc5f147710ceb3d5261904f29d81.jpg,fda886e3157cf5ff1d5e0fd3b6f23095f1e8f5de88321b7466132d02a536de6c,c822ebae8200fb18570ec9d1c04d31dcff25e9adfb660f0e76ad283273170aa0,2,485,385,522,471,False,37,86,2a303cc2be218653f3e360947d827466c40eb42f93f5df46b3164c5dfc0a1c39,b7316b13d7c67c364a138cca0ba8d955adb8158bf968a75c02f99780bc8ea41e
train/Pessoa/65_jpg.rf.dfdbfc5f147710ceb3d5261904f29d81__obj003.png,Pessoa,train,train/images/65_jpg.rf.dfdbfc5f147710ceb3d5261904f29d81.jpg,fda886e3157cf5ff1d5e0fd3b6f23095f1e8f5de88321b7466132d02a536de6c,c822ebae8200fb18570ec9d1c04d31dcff25e9adfb660f0e76ad283273170aa0,3,462,339,535,583,False,73,244,277039c4f3ee549c3bc6c318108cc503c2b3a5500860bd504f352bbe25da0e8a,e394377e5f403d2d2c1e76d0d0f1ff2dd0d41911ee115d6f12d973a55d6ead1f
train/Capacete/68_jpg.rf.d5b435785d3203a4e4ed0bfecb66d0b9__obj001.png,Capacete,train,train/images/68_jpg.rf.d5b435785d3203a4e4ed0bfecb66d0b9.jpg,5b879016379b135473656e05e09ab32236417524541cc0cce772b4ed1454a440,5505c2ef416363b1474764a4633b85479c22651ede82be1c2d0a7d21d269c589,1,305,239,345,280,False,40,41,d05ef60bff83da02347fc42f53594e1bb42def440bb88d02d6cb317f57310c73,9e6154e82ebf5470a17c9368e13b83e2cf5bc3039be3123e97122d47d233958f
train/Capacete/68_jpg.rf.d5b435785d3203a4e4ed0bfecb66d0b9__obj002.png,Capacete,train,train/images/68_jpg.rf.d5b435785d3203a4e4ed0bfecb66d0b9.jpg,5b879016379b135473656e05e09ab32236417524541cc0cce772b4ed1454a440,5505c2ef416363b1474764a4633b85479c22651ede82be1c2d0a7d21d269c589,2,419,253,460,288,False,41,35,d64ceb9b55e0425ff781aecf92c21e23c4e97f35d40a8881aacfbb4cdce3a163,02af2ef7d6156316f1810fc9500eb2e57ae1734643cd6f8805292b5080710519
train/Capacete/68_jpg.rf.d5b435785d3203a4e4ed0bfecb66d0b9__obj003.png,Capacete,train,train/images/68_jpg.rf.d5b435785d3203a4e4ed0bfecb66d0b9.jpg,5b879016379b135473656e05e09ab32236417524541cc0cce772b4ed1454a440,5505c2ef416363b1474764a4633b85479c22651ede82be1c2d0a7d21d269c589,3,72,321,134,379,False,62,58,aaad95d761e18625f0423399200dfdd8c675a51850c10c245b7e58bc574705fe,8c41cfcd869b20eebb1400a16e1ce8275443b0eae184b921c4866c779bd34a8b
train/Pessoa/68_jpg.rf.d5b435785d3203a4e4ed0bfecb66d0b9__obj004.png,Pessoa,train,train/images/68_jpg.rf.d5b435785d3203a4e4ed0bfecb66d0b9.jpg,5b879016379b135473656e05e09ab32236417524541cc0cce772b4ed1454a440,5505c2ef416363b1474764a4633b85479c22651ede82be1c2d0a7d21d269c589,4,58,320,174,640,False,116,320,0836e4838ec9e91fe804efd17c76dddb245eb50e3a011ee5d9bd4f988bc9f8df,cd691e03574eeffc6e5a6be034539976f0af8314effabf9a925a9a9528d9a2c1
train/Pessoa/68_jpg.rf.d5b435785d3203a4e4ed0bfecb66d0b9__obj005.png,Pessoa,train,train/images/68_jpg.rf.d5b435785d3203a4e4ed0bfecb66d0b9.jpg,5b879016379b135473656e05e09ab32236417524541cc0cce772b4ed1454a440,5505c2ef416363b1474764a4633b85479c22651ede82be1c2d0a7d21d269c589,5,242,224,398,601,False,156,377,622a37b37d397f8a62005ca85a056bd7eff4b13f35fd34a3668b9a535af7b596,e22049b7e175c2d97143fe79abbfee51e75895054e180cb7610572ea4e52caf0
train/Pessoa/68_jpg.rf.d5b435785d3203a4e4ed0bfecb66d0b9__obj006.png,Pessoa,train,train/images/68_jpg.rf.d5b435785d3203a4e4ed0bfecb66d0b9.jpg,5b879016379b135473656e05e09ab32236417524541cc0cce772b4ed1454a440,5505c2ef416363b1474764a4633b85479c22651ede82be1c2d0a7d21d269c589,6,402,248,524,596,False,122,348,ec119d2866e93e9116d83874a7fb90a488f3e0c28206d538292091b00da7bce5,72c451d06399cc099dd716bd27b5ba856cce35fe2bb19c5b493f2bf345c718c3
train/Colete/68_jpg.rf.d5b435785d3203a4e4ed0bfecb66d0b9__obj007.png,Colete,train,train/images/68_jpg.rf.d5b435785d3203a4e4ed0bfecb66d0b9.jpg,5b879016379b135473656e05e09ab32236417524541cc0cce772b4ed1454a440,5505c2ef416363b1474764a4633b85479c22651ede82be1c2d0a7d21d269c589,7,291,280,370,410,False,79,130,c8dece0a54a03d0e48038ce3b1b46183957b1444e7d8a147f35dc3d03f9397c3,564d5ad9bb783f9c9e7bea9dc7f2b48931c8dc4ba87df7f62067435ba239935c
train/Colete/68_jpg.rf.d5b435785d3203a4e4ed0bfecb66d0b9__obj008.png,Colete,train,train/images/68_jpg.rf.d5b435785d3203a4e4ed0bfecb66d0b9.jpg,5b879016379b135473656e05e09ab32236417524541cc0cce772b4ed1454a440,5505c2ef416363b1474764a4633b85479c22651ede82be1c2d0a7d21d269c589,8,419,296,500,427,False,81,131,615e0da4a30e030a72f433aaa6ec13a7a0bb85aea0a883f358c2ef18f152ae1d,af26c29a42adc7b6ab3af10ceff44e6ca9e5131cf9d92d9aa5380d7934719043
train/Capacete/69_jpg.rf.ca7531e56abd03187634ae2a40d55c26__obj001.png,Capacete,train,train/images/69_jpg.rf.ca7531e56abd03187634ae2a40d55c26.jpg,db306bf7f51136afa13eaf03b6f8ea4a5bdd0b2f343655cb566e95f261257214,2bf5dd44bf85fc4bcd768a1c69b4bb2dcb5d8d2b16a4ac8780fe1117526d5e48,1,51,3,415,283,False,364,280,5ed6d52ee4e22d368b2162d6200e99ca4ab0a73b82f26af5487d3c077838341e,b7351f25e916ff6410d9e9c5631a2de3c19b3ce1e3d2f15d36cb92b53d3a4ff7
train/Colete/69_jpg.rf.ca7531e56abd03187634ae2a40d55c26__obj002.png,Colete,train,train/images/69_jpg.rf.ca7531e56abd03187634ae2a40d55c26.jpg,db306bf7f51136afa13eaf03b6f8ea4a5bdd0b2f343655cb566e95f261257214,2bf5dd44bf85fc4bcd768a1c69b4bb2dcb5d8d2b16a4ac8780fe1117526d5e48,2,0,400,639,640,False,639,240,3a4f53928318bd0b19c74ba71646997e85637c90ae8e732132b9f4ee366e9437,12960cc3a1067e3a5d5e0c804fdfc09d02c011122dd7f3c51bc89616a6ae3690
train/Pessoa/69_jpg.rf.ca7531e56abd03187634ae2a40d55c26__obj003.png,Pessoa,train,train/images/69_jpg.rf.ca7531e56abd03187634ae2a40d55c26.jpg,db306bf7f51136afa13eaf03b6f8ea4a5bdd0b2f343655cb566e95f261257214,2bf5dd44bf85fc4bcd768a1c69b4bb2dcb5d8d2b16a4ac8780fe1117526d5e48,3,0,20,640,640,False,640,620,c0ee6c55e61416492ae4a742a0e98699c78d55d2ac7b1084aea1715fee78cc20,c9a9c818a7513226bc40afd22bacc1d3340a488ebe13e7a1950721a64eeb66bf
train/Pessoa/70_jpg.rf.4682807e5f281ba07abb49f5b5039b1d__obj001.png,Pessoa,train,train/images/70_jpg.rf.4682807e5f281ba07abb49f5b5039b1d.jpg,6b6ffcc21cc504ee656073e9981420e4dfaecce5bfc48c4fa213edcd94ca8c56,71d49e9625fc4838469f667b1db491e0f54954a1eed53253241b11ed7d00e202,1,99,0,403,640,False,304,640,cf48669dc6c6a5e35cdc357ebff6d82732b3e5e7cefb44d8873479c58a274ab5,86baa809a19fca8862ee8c0c97cb8cee977877f45dd5d0474e691ddeeab8cecd
train/Pessoa/70_jpg.rf.4682807e5f281ba07abb49f5b5039b1d__obj002.png,Pessoa,train,train/images/70_jpg.rf.4682807e5f281ba07abb49f5b5039b1d.jpg,6b6ffcc21cc504ee656073e9981420e4dfaecce5bfc48c4fa213edcd94ca8c56,71d49e9625fc4838469f667b1db491e0f54954a1eed53253241b11ed7d00e202,2,325,79,477,640,False,152,561,10b138ded4c8d4bf434653769816222308edae1a6969cfb845a652718c4c729c,acc10b40b03285e2ff89e00b30dabbc2d78d41728655b0f4c0c6951765695af3
train/Colete/70_jpg.rf.4682807e5f281ba07abb49f5b5039b1d__obj003.png,Colete,train,train/images/70_jpg.rf.4682807e5f281ba07abb49f5b5039b1d.jpg,6b6ffcc21cc504ee656073e9981420e4dfaecce5bfc48c4fa213edcd94ca8c56,71d49e9625fc4838469f667b1db491e0f54954a1eed53253241b11ed7d00e202,3,325,236,475,626,False,150,390,966a93cd891e14172ecf428ef565062bc1358455641f2475577825ca180b8764,2e606c0a3ea2c05ba7ab66bafdcbf3f0306f27ef0209509842a0bfd5210a58bd
train/Capacete/71_jpg.rf.2f4d2a51591d264fdc8a93abc46b43d7__obj001.png,Capacete,train,train/images/71_jpg.rf.2f4d2a51591d264fdc8a93abc46b43d7.jpg,046a99bce8c96920d75896c708dd04946650ba28c77bad98d210b895a16d17e2,46e2e4dc2a373b9a7a40c81d969cc927b61ecf70d0ebb763e30726db29d4974a,1,55,0,450,245,False,395,245,1551d27b6222cf9c9176fcea6dd61dcc449f3be3f6a163b8e4d05d7555d63ba4,cf9e6f8a6f84a2ffda737c679b07c7c8fee278c6944b834976c997b1c1092b96
train/Pessoa/71_jpg.rf.2f4d2a51591d264fdc8a93abc46b43d7__obj002.png,Pessoa,train,train/images/71_jpg.rf.2f4d2a51591d264fdc8a93abc46b43d7.jpg,046a99bce8c96920d75896c708dd04946650ba28c77bad98d210b895a16d17e2,46e2e4dc2a373b9a7a40c81d969cc927b61ecf70d0ebb763e30726db29d4974a,2,5,0,635,638,False,630,638,046174976382922d8c2dcde94866a5ed25badd58f52c58e2a3b97b415afb0fc2,80eb998e278a5d6078b7baa3576a4be6c48e8fc5845be9ff970e36549288d548
train/Colete/72_jpg.rf.2147832a866ff66b4e2b9ed49a1ea24f__obj001.png,Colete,train,train/images/72_jpg.rf.2147832a866ff66b4e2b9ed49a1ea24f.jpg,5ced1d977f03c5710a942e86e1825c0d4160e88727d1b1a29fdbfab81e7cd06f,ae33aed1494e903b8dddf869c88d911e76d74006232953d60b90fdf4d1cba06f,1,366,265,529,640,False,163,375,07bbffeef98e54c0df9638af4f4c7a01cb3446b900cd36921ee3b168f00b8111,dad84b0365a96cefab69c410c509e4da5d69269ccf043976025712afd9fad5a6
train/Colete/72_jpg.rf.2147832a866ff66b4e2b9ed49a1ea24f__obj002.png,Colete,train,train/images/72_jpg.rf.2147832a866ff66b4e2b9ed49a1ea24f.jpg,5ced1d977f03c5710a942e86e1825c0d4160e88727d1b1a29fdbfab81e7cd06f,ae33aed1494e903b8dddf869c88d911e76d74006232953d60b90fdf4d1cba06f,2,280,350,375,640,False,95,290,810d8a2df08b37e3dc086b6201816cecdb41524bff6ff919f0864fd9a2209ac2,10e32449029ec4fd6a0a01b1e8dfb01c243fc906e33d6f9dc4d5ee834b88c1e0
train/Pessoa/72_jpg.rf.2147832a866ff66b4e2b9ed49a1ea24f__obj003.png,Pessoa,train,train/images/72_jpg.rf.2147832a866ff66b4e2b9ed49a1ea24f.jpg,5ced1d977f03c5710a942e86e1825c0d4160e88727d1b1a29fdbfab81e7cd06f,ae33aed1494e903b8dddf869c88d911e76d74006232953d60b90fdf4d1cba06f,3,175,77,528,640,False,353,563,1f496480c7ca59c5258d9bf8c85c96848a866514a840c4d719725e5b27edd2ef,67d0d77c1293798006a88f1c06d83af6675d4f27ff4f3b99c9a2b5be29c0364b
train/Pessoa/72_jpg.rf.2147832a866ff66b4e2b9ed49a1ea24f__obj004.png,Pessoa,train,train/images/72_jpg.rf.2147832a866ff66b4e2b9ed49a1ea24f.jpg,5ced1d977f03c5710a942e86e1825c0d4160e88727d1b1a29fdbfab81e7cd06f,ae33aed1494e903b8dddf869c88d911e76d74006232953d60b90fdf4d1cba06f,4,275,196,407,640,False,132,444,52b1b427eb820c98ba72846c05263beeee49048f34c13616378bed897279ea03,1c8ecedf526f269eca969e0d43a509ff080068a3a9b97e665f4e56ae61b17bf3
train/Colete/73_jpg.rf.f5171140c137f510ba9e988997624e8f__obj001.png,Colete,train,train/images/73_jpg.rf.f5171140c137f510ba9e988997624e8f.jpg,2e34f3f1d8b3d24185331a5e263abba16422d0c1e9582d8fd90dbe93ed628870,c2e1040d31b13e16f757e90fb2dcb46c8bc2965248f56df397f8318c70adc1b5,1,371,424,454,629,False,83,205,8f71352d00f5409089204a7db73cee35b1eddbda104a691c9a95caa6fdd0a4a0,97723a4799a7c032b8b5ddc1908c9fa83188411f8bc5f523c7e3b57ee99d555e
train/Pessoa/73_jpg.rf.f5171140c137f510ba9e988997624e8f__obj002.png,Pessoa,train,train/images/73_jpg.rf.f5171140c137f510ba9e988997624e8f.jpg,2e34f3f1d8b3d24185331a5e263abba16422d0c1e9582d8fd90dbe93ed628870,c2e1040d31b13e16f757e90fb2dcb46c8bc2965248f56df397f8318c70adc1b5,2,360,343,455,640,False,95,297,a9c3b2de7ffc85c02442c803c8a12c71654b111779b5cff000f053d92ff951f3,416b8152b84319ca7b65db1e2184514e9e13d4360d57729dd609e016fc6b1553
train/Pessoa/73_jpg.rf.f5171140c137f510ba9e988997624e8f__obj003.png,Pessoa,train,train/images/73_jpg.rf.f5171140c137f510ba9e988997624e8f.jpg,2e34f3f1d8b3d24185331a5e263abba16422d0c1e9582d8fd90dbe93ed628870,c2e1040d31b13e16f757e90fb2dcb46c8bc2965248f56df397f8318c70adc1b5,3,256,313,365,537,False,109,224,23fa396a08f06b5a9669829a4d7ad4e5d3abcb1f53c03dc7cd860d8660b3b82a,1039de7e1e1d8d09875c62737a508d700b8447ced7318d6869cd547afd4c6244
train/Pessoa/73_jpg.rf.f5171140c137f510ba9e988997624e8f__obj004.png,Pessoa,train,train/images/73_jpg.rf.f5171140c137f510ba9e988997624e8f.jpg,2e34f3f1d8b3d24185331a5e263abba16422d0c1e9582d8fd90dbe93ed628870,c2e1040d31b13e16f757e90fb2dcb46c8bc2965248f56df397f8318c70adc1b5,4,1,427,127,640,False,126,213,97db1cff93d0375ac6e83794220e6009a9286dbb0e7884136038ff2285d08383,0d5587534ddeb8d44a2cc0a3544d400989f6b24764cf140be8106685777e6d5a
train/Capacete/74_jpg.rf.4aba3eba8290f54779e6e84faf9a8473__obj001.png,Capacete,train,train/images/74_jpg.rf.4aba3eba8290f54779e6e84faf9a8473.jpg,0c6dd64ddfcb615a3792618198e3ce95ae086d0f5052f41495f8824eb9c1adda,301601445336cef4de3ac8a9ef7eecc6a4815095d6f82f30269be5594127f4a1,1,322,223,392,313,False,70,90,b8234b1d2b3abeb5316332e6f5d81535468df1018447e6519a8b5fb9a723b1df,7896e4398902b5f998062fc217ccdb2e7b1cbe0a5ba0db0f99883bc7df91a465
train/Capacete/74_jpg.rf.4aba3eba8290f54779e6e84faf9a8473__obj002.png,Capacete,train,train/images/74_jpg.rf.4aba3eba8290f54779e6e84faf9a8473.jpg,0c6dd64ddfcb615a3792618198e3ce95ae086d0f5052f41495f8824eb9c1adda,301601445336cef4de3ac8a9ef7eecc6a4815095d6f82f30269be5594127f4a1,2,435,260,526,316,False,91,56,0119dab6abf0d196a9725346477911b9cecfb06e0207ee664e9a290b35200b5f,5b2df1cbafca72074eb6d22c55376fe22a246942df835981e164bda0a1af9e4e
train/Capacete/74_jpg.rf.4aba3eba8290f54779e6e84faf9a8473__obj003.png,Capacete,train,train/images/74_jpg.rf.4aba3eba8290f54779e6e84faf9a8473.jpg,0c6dd64ddfcb615a3792618198e3ce95ae086d0f5052f41495f8824eb9c1adda,301601445336cef4de3ac8a9ef7eecc6a4815095d6f82f30269be5594127f4a1,3,363,170,407,232,False,44,62,814982b2e80ff909ad57f04b127caac640662a8b4fd920445904650a50eeeba1,a013bdbccfc284a443d37103a54cab7d27d50cee851bf0f3e2bfabba5143f9a4
train/Capacete/74_jpg.rf.4aba3eba8290f54779e6e84faf9a8473__obj004.png,Capacete,train,train/images/74_jpg.rf.4aba3eba8290f54779e6e84faf9a8473.jpg,0c6dd64ddfcb615a3792618198e3ce95ae086d0f5052f41495f8824eb9c1adda,301601445336cef4de3ac8a9ef7eecc6a4815095d6f82f30269be5594127f4a1,4,477,201,519,259,False,42,58,9ab374bbe29f3b462c229b02cf27aacad03f2388166753720364f131a247e244,1fd235e1e1184a04ce60708576acdcee9a0a03efa01b45dbe7116c72702c3ecf
train/Capacete/74_jpg.rf.4aba3eba8290f54779e6e84faf9a8473__obj005.png,Capacete,train,train/images/74_jpg.rf.4aba3eba8290f54779e6e84faf9a8473.jpg,0c6dd64ddfcb615a3792618198e3ce95ae086d0f5052f41495f8824eb9c1adda,301601445336cef4de3ac8a9ef7eecc6a4815095d6f82f30269be5594127f4a1,5,465,123,494,169,False,29,46,27ac01ace10e3ac49b4a2df7058a7855f1f3e54f1d08f7855c17aaa35d4d5163,c5ccbf225148cd14e156ca4c2f78f1a24264438f8e1054c9b28a6f7d7b3200ff
train/Capacete/74_jpg.rf.4aba3eba8290f54779e6e84faf9a8473__obj006.png,Capacete,train,train/images/74_jpg.rf.4aba3eba8290f54779e6e84faf9a8473.jpg,0c6dd64ddfcb615a3792618198e3ce95ae086d0f5052f41495f8824eb9c1adda,301601445336cef4de3ac8a9ef7eecc6a4815095d6f82f30269be5594127f4a1,6,513,126,542,162,False,29,36,15a9d46eb8c4ed0a9da58377e79def0112de54f8caab25e13ffa2f0ea7c5231b,b02ed508e345160b9b4c7ec6ecece018813dadf817bae56932e21916200e684f
train/Capacete/74_jpg.rf.4aba3eba8290f54779e6e84faf9a8473__obj007.png,Capacete,train,train/images/74_jpg.rf.4aba3eba8290f54779e6e84faf9a8473.jpg,0c6dd64ddfcb615a3792618198e3ce95ae086d0f5052f41495f8824eb9c1adda,301601445336cef4de3ac8a9ef7eecc6a4815095d6f82f30269be5594127f4a1,7,463,0,496,28,False,33,28,b9b2ab0ed5021d070307f8d393403457df718705fded2884dd2de472f066fccc,2e04370be3a039fa49a3e8da640ab9b26ff47f9029dad137663f25569604324d
train/Capacete/74_jpg.rf.4aba3eba8290f54779e6e84faf9a8473__obj008.png,Capacete,train,train/images/74_jpg.rf.4aba3eba8290f54779e6e84faf9a8473.jpg,0c6dd64ddfcb615a3792618198e3ce95ae086d0f5052f41495f8824eb9c1adda,301601445336cef4de3ac8a9ef7eecc6a4815095d6f82f30269be5594127f4a1,8,511,1,547,27,False,36,26,3f6218329cd88516e82ed993c836bc1025ded18f0546961e79b2bd8b73df32c3,7a322893c4668e3825cd5c2b190cf513cb850ace3b30119c2c0358129e29f3a8
train/Colete/74_jpg.rf.4aba3eba8290f54779e6e84faf9a8473__obj009.png,Colete,train,train/images/74_jpg.rf.4aba3eba8290f54779e6e84faf9a8473.jpg,0c6dd64ddfcb615a3792618198e3ce95ae086d0f5052f41495f8824eb9c1adda,301601445336cef4de3ac8a9ef7eecc6a4815095d6f82f30269be5594127f4a1,9,108,232,321,392,False,213,160,e28f723b85e85d8583642423a1fdcf214a3c2bf567edd5aaf2a72cb6a8495d70,91d8b50061045f26ac4b15e7ccc0e072480f64b0955759fe4cef0da605544afc
train/Colete/74_jpg.rf.4aba3eba8290f54779e6e84faf9a8473__obj010.png,Colete,train,train/images/74_jpg.rf.4aba3eba8290f54779e6e84faf9a8473.jpg,0c6dd64ddfcb615a3792618198e3ce95ae086d0f5052f41495f8824eb9c1adda,301601445336cef4de3ac8a9ef7eecc6a4815095d6f82f30269be5594127f4a1,10,428,328,620,483,False,192,155,fef6f36def1bdc14be491800dd0b09c1858bfdefc2e429576b65751faf2acd58,696779d97aef19a179347a1c17914a6fb278af3a0ccc5be40e0d71bb2cf1c9c2
train/Colete/74_jpg.rf.4aba3eba8290f54779e6e84faf9a8473__obj011.png,Colete,train,train/images/74_jpg.rf.4aba3eba8290f54779e6e84faf9a8473.jpg,0c6dd64ddfcb615a3792618198e3ce95ae086d0f5052f41495f8824eb9c1adda,301601445336cef4de3ac8a9ef7eecc6a4815095d6f82f30269be5594127f4a1,11,415,157,484,214,False,69,57,d198cce57ca705f76e34ba7434f6e47862b7ba39b619f5c9339d5618ebf497f9,5ffb3977355d38ff2749704e243daf57cb363731040ec9244d67f377d264b0e8
train/Colete/74_jpg.rf.4aba3eba8290f54779e6e84faf9a8473__obj012.png,Colete,train,train/images/74_jpg.rf.4aba3eba8290f54779e6e84faf9a8473.jpg,0c6dd64ddfcb615a3792618198e3ce95ae086d0f5052f41495f8824eb9c1adda,301601445336cef4de3ac8a9ef7eecc6a4815095d6f82f30269be5594127f4a1,12,383,197,472,283,False,89,86,3aa51b6ef5352a602a332676dd6489b833d66d51d1bc0f4691c799b3dd6e722d,26e129b75cb8d6f4dd302d4dbe486f71d27af0d58dfd9e36d9caafc5dcc995a3
train/Pessoa/74_jpg.rf.4aba3eba8290f54779e6e84faf9a8473__obj013.png,Pessoa,train,train/images/74_jpg.rf.4aba3eba8290f54779e6e84faf9a8473.jpg,0c6dd64ddfcb615a3792618198e3ce95ae086d0f5052f41495f8824eb9c1adda,301601445336cef4de3ac8a9ef7eecc6a4815095d6f82f30269be5594127f4a1,13,97,217,389,640,False,292,423,8ec4736a1f31eb9949fa7cb240d8811a24006ddaa78e0cbae1aec345473b7cd5,4b4c4589b1a0c237ff5a18b88b9c29e67abb0a19c96ee4cc7abad92130d0cee6
train/Pessoa/74_jpg.rf.4aba3eba8290f54779e6e84faf9a8473__obj014.png,Pessoa,train,train/images/74_jpg.rf.4aba3eba8290f54779e6e84faf9a8473.jpg,0c6dd64ddfcb615a3792618198e3ce95ae086d0f5052f41495f8824eb9c1adda,301601445336cef4de3ac8a9ef7eecc6a4815095d6f82f30269be5594127f4a1,14,343,251,624,554,False,281,303,92e10a755f04af20b79beec871dca43e86d97438982109312d5f475c7a8262eb,63871df1f285997034427bc667aca60b41d3461a71accfd8cacaf1a014017ee9
train/Pessoa/74_jpg.rf.4aba3eba8290f54779e6e84faf9a8473__obj015.png,Pessoa,train,train/images/74_jpg.rf.4aba3eba8290f54779e6e84faf9a8473.jpg,0c6dd64ddfcb615a3792618198e3ce95ae086d0f5052f41495f8824eb9c1adda,301601445336cef4de3ac8a9ef7eecc6a4815095d6f82f30269be5594127f4a1,15,305,178,435,380,False,130,202,657b39f96c6602d27171b611596bd92c91d45ea81539442e2297aacf766a9e95,9139c6f57ba810114996da7f6063da1e053ac5ffa419ac9836833d21400b3ac1
train/Pessoa/74_jpg.rf.4aba3eba8290f54779e6e84faf9a8473__obj016.png,Pessoa,train,train/images/74_jpg.rf.4aba3eba8290f54779e6e84faf9a8473.jpg,0c6dd64ddfcb615a3792618198e3ce95ae086d0f5052f41495f8824eb9c1adda,301601445336cef4de3ac8a9ef7eecc6a4815095d6f82f30269be5594127f4a1,16,379,183,507,333,False,128,150,b2362e1a4a6ebd85116e9bc29d9b02b4ea223c93302a68db25d23b97515341db,aa81f99138b2a8befc92fc5e20672ae5c1ddd1663acc3e753b81ae296f5882df
train/Pessoa/74_jpg.rf.4aba3eba8290f54779e6e84faf9a8473__obj017.png,Pessoa,train,train/images/74_jpg.rf.4aba3eba8290f54779e6e84faf9a8473.jpg,0c6dd64ddfcb615a3792618198e3ce95ae086d0f5052f41495f8824eb9c1adda,301601445336cef4de3ac8a9ef7eecc6a4815095d6f82f30269be5594127f4a1,17,411,122,503,241,False,92,119,8097759fb640c3aa79bba46e59700c95606ce92d29d0cf64d2d3e89bdbbd46ed,1b7dc2f50d3aa13d27537ea4a8756635ab6dd3e951903a30d6931b33bdeb2729
train/Pessoa/74_jpg.rf.4aba3eba8290f54779e6e84faf9a8473__obj018.png,Pessoa,train,train/images/74_jpg.rf.4aba3eba8290f54779e6e84faf9a8473.jpg,0c6dd64ddfcb615a3792618198e3ce95ae086d0f5052f41495f8824eb9c1adda,301601445336cef4de3ac8a9ef7eecc6a4815095d6f82f30269be5594127f4a1,18,502,115,555,197,False,53,82,c03c227a2c2a6832856f05f993ccecd75fca53c8d6acfbee36f1dc80b0cd4f63,b335d82afd33b17697ce9639a357928fb9c3297bd08e4931814e996e37db54d0
train/Capacete/75_jpg.rf.6bb7bd0eb9e93b5045400ca1c3ef1460__obj001.png,Capacete,train,train/images/75_jpg.rf.6bb7bd0eb9e93b5045400ca1c3ef1460.jpg,c10d8f0d33fcd1665c4bfd82bd9d6ef7061aa7bcf8ce4da8215253b65514d206,ac3287702a552b6916bfff78b118de72dc83d35ae92de1f54bddce047e86f558,1,496,160,522,183,False,26,23,5e624385d57077d70a774ff8e45162fa076ab80a2e5f6a5de75f7d3fdd7a4648,6b1bdbd6eebe9272ed34c973eeebe9016b5dd42718740591fd46da40576a0709
train/Colete/75_jpg.rf.6bb7bd0eb9e93b5045400ca1c3ef1460__obj002.png,Colete,train,train/images/75_jpg.rf.6bb7bd0eb9e93b5045400ca1c3ef1460.jpg,c10d8f0d33fcd1665c4bfd82bd9d6ef7061aa7bcf8ce4da8215253b65514d206,ac3287702a552b6916bfff78b118de72dc83d35ae92de1f54bddce047e86f558,2,480,192,523,275,False,43,83,e30f31e1da63904910680bac21eea53561b4ac3a2617d9aef5c7876db415a846,17ea5ea96c644f016b4218c5f8bd71a6658ad95f959e0fd9ef4feaae4e9e2f4c
train/Colete/75_jpg.rf.6bb7bd0eb9e93b5045400ca1c3ef1460__obj003.png,Colete,train,train/images/75_jpg.rf.6bb7bd0eb9e93b5045400ca1c3ef1460.jpg,c10d8f0d33fcd1665c4bfd82bd9d6ef7061aa7bcf8ce4da8215253b65514d206,ac3287702a552b6916bfff78b118de72dc83d35ae92de1f54bddce047e86f558,3,466,154,531,360,False,65,206,814391f037f0072cd2fafb03b509d395f0fe8bbc5895781983cb3cb24bae0a5b,c5440b2d7a1e7d4b4b7b51ea66f47ff9723c9dfa9066f00f3c76957841b4fc81
train/Capacete/76_jpg.rf.ab82939957233df3ab3eaed9c25a889a__obj001.png,Capacete,train,train/images/76_jpg.rf.ab82939957233df3ab3eaed9c25a889a.jpg,09f69c9331e2e7865c4c58c5428ba0a7c24bcc83a33125f81fdec35f6c2ac2c9,35c023d031fcb12a2cb401474824959ad104772d86f1603299bb69743708789b,1,86,28,340,182,False,254,154,a0d85b08159729a4ab9f0fe74bc18d6dc30adc1f05ffb63997d6af135e883261,7f63837d1e492de55d50912202f5eec84ea4f345cb324cfddc1ed1081544df64
train/Pessoa/76_jpg.rf.ab82939957233df3ab3eaed9c25a889a__obj002.png,Pessoa,train,train/images/76_jpg.rf.ab82939957233df3ab3eaed9c25a889a.jpg,09f69c9331e2e7865c4c58c5428ba0a7c24bcc83a33125f81fdec35f6c2ac2c9,35c023d031fcb12a2cb401474824959ad104772d86f1603299bb69743708789b,2,47,25,555,618,False,508,593,489cf6b49ee471cf77f79dfea21a28e53c6bbcf824678829493416b708cf565e,732461541abd1ef781693a6e51a7b868b002a5220e0f593925fcf17040e043e3
train/Capacete/77_jpg.rf.da3cc3625a9d9f5e0de04eba33307d86__obj001.png,Capacete,train,train/images/77_jpg.rf.da3cc3625a9d9f5e0de04eba33307d86.jpg,abaa1cbde9bb481a5573a1e5acede74dea263801838cfda83f9d16d225f23840,e382d5e56ad6bea7de05cfb38c4a181b4069b5b8eb733caaee7d9ccc512734e4,1,115,98,272,213,False,157,115,60d18e913650e6c8c1e5ab8a33220b508072e7d4caafd834625e9da373a6b9d8,cdf0958d932900eea51a3ef0ea96e45bb57e30a46c104046a69f8b5f9eb7cf0e
train/Capacete/77_jpg.rf.da3cc3625a9d9f5e0de04eba33307d86__obj002.png,Capacete,train,train/images/77_jpg.rf.da3cc3625a9d9f5e0de04eba33307d86.jpg,abaa1cbde9bb481a5573a1e5acede74dea263801838cfda83f9d16d225f23840,e382d5e56ad6bea7de05cfb38c4a181b4069b5b8eb733caaee7d9ccc512734e4,2,250,86,362,181,False,112,95,781d38645c005cfa4933d3111d9fb4c52c533cb07314ac2a4834d7c00743dace,074c3f686ba687479a1202af71c80fa0250c706bb9f538d7e49799b1ce35b37e
train/Capacete/77_jpg.rf.da3cc3625a9d9f5e0de04eba33307d86__obj003.png,Capacete,train,train/images/77_jpg.rf.da3cc3625a9d9f5e0de04eba33307d86.jpg,abaa1cbde9bb481a5573a1e5acede74dea263801838cfda83f9d16d225f23840,e382d5e56ad6bea7de05cfb38c4a181b4069b5b8eb733caaee7d9ccc512734e4,3,439,58,561,145,False,122,87,8e4039591f665248858d9eaf8e94348f8f2983b0aaa99d5b8c8697b88d1eff20,535b17c82eb172fd1e8a0ad47bcc9737422f09f74aff23e151f5166b3674482a
train/Colete/77_jpg.rf.da3cc3625a9d9f5e0de04eba33307d86__obj004.png,Colete,train,train/images/77_jpg.rf.da3cc3625a9d9f5e0de04eba33307d86.jpg,abaa1cbde9bb481a5573a1e5acede74dea263801838cfda83f9d16d225f23840,e382d5e56ad6bea7de05cfb38c4a181b4069b5b8eb733caaee7d9ccc512734e4,4,5,218,347,557,False,342,339,22d9fc9198744f17a5913a4aa10f7a8ec0407649c13ea2204f57077cad0a075c,97cd1b3c21a6f1540d35833be4ecc72a0b890c5def06f466cc0e47b5aedb568e
train/Colete/77_jpg.rf.da3cc3625a9d9f5e0de04eba33307d86__obj005.png,Colete,train,train/images/77_jpg.rf.da3cc3625a9d9f5e0de04eba33307d86.jpg,abaa1cbde9bb481a5573a1e5acede74dea263801838cfda83f9d16d225f23840,e382d5e56ad6bea7de05cfb38c4a181b4069b5b8eb733caaee7d9ccc512734e4,5,217,207,390,430,False,173,223,d9fa541c34a17daf2a097d274347eedfa3c6767e20c21f0b2a2d4fbb3da8017d,c1851ce19ebf67323ff14e1256e97be9ff611fcdb1a705257160612aa1f740e1
train/Colete/77_jpg.rf.da3cc3625a9d9f5e0de04eba33307d86__obj006.png,Colete,train,train/images/77_jpg.rf.da3cc3625a9d9f5e0de04eba33307d86.jpg,abaa1cbde9bb481a5573a1e5acede74dea263801838cfda83f9d16d225f23840,e382d5e56ad6bea7de05cfb38c4a181b4069b5b8eb733caaee7d9ccc512734e4,6,438,176,640,456,False,202,280,c3b44e219ca6c88a584649675caada58901bdd111a8a0a59050a4c7eeab65f99,a4dcba59cf4f69d381d036b95574e396616be80c83bb019fc222c96bbf61f582
train/Pessoa/77_jpg.rf.da3cc3625a9d9f5e0de04eba33307d86__obj007.png,Pessoa,train,train/images/77_jpg.rf.da3cc3625a9d9f5e0de04eba33307d86.jpg,abaa1cbde9bb481a5573a1e5acede74dea263801838cfda83f9d16d225f23840,e382d5e56ad6bea7de05cfb38c4a181b4069b5b8eb733caaee7d9ccc512734e4,7,428,62,640,640,False,212,578,6acd57aa5f339c50c08315104813252cb3c057d71d835bc9a1f2a316a7970e97,4ea29c3ce0330fc00277aa37facd4663a42334faba18113220984731660f14ed
train/Pessoa/77_jpg.rf.da3cc3625a9d9f5e0de04eba33307d86__obj008.png,Pessoa,train,train/images/77_jpg.rf.da3cc3625a9d9f5e0de04eba33307d86.jpg,abaa1cbde9bb481a5573a1e5acede74dea263801838cfda83f9d16d225f23840,e382d5e56ad6bea7de05cfb38c4a181b4069b5b8eb733caaee7d9ccc512734e4,8,5,94,378,640,False,373,546,7185c1feff9d0ca08b2a6019cfa80570ae85acd012d57b8d3b4351c3f4c80872,27cff92b0f95eb100356f0a59e2a403635d7d6f2fcd20c328dc1017f745e3eb8
train/Pessoa/77_jpg.rf.da3cc3625a9d9f5e0de04eba33307d86__obj009.png,Pessoa,train,train/images/77_jpg.rf.da3cc3625a9d9f5e0de04eba33307d86.jpg,abaa1cbde9bb481a5573a1e5acede74dea263801838cfda83f9d16d225f23840,e382d5e56ad6bea7de05cfb38c4a181b4069b5b8eb733caaee7d9ccc512734e4,9,240,84,430,640,False,190,556,9a6c298589c172ebdb32849e45988ecb7e88fe743970f4d43fe6dcafac79c236,413d2cd71c6aa99eb8829c1c590849cec116fbcadc43201b54ce06ee43b00299
train/Capacete/78_jpg.rf.4608025fe026cd12c77a03de1b5622e5__obj001.png,Capacete,train,train/images/78_jpg.rf.4608025fe026cd12c77a03de1b5622e5.jpg,c1939c47317dc38d9f7d7c7d5b30b259ba442b40448f492424666816a091906b,9b5987d9cbff92b4114286085cb36be4e2b5d8bfc97590149d9f89b68f96d79a,1,80,10,196,136,False,116,126,7e8872259b73a4de01c26c68db03261a6f72eee0f27af3849162e336fac71de3,84d1704476d4e3c2c2cc7352515a2ffe425c810763b517b5e5a8ea2a90e2e8b8
train/Capacete/78_jpg.rf.4608025fe026cd12c77a03de1b5622e5__obj002.png,Capacete,train,train/images/78_jpg.rf.4608025fe026cd12c77a03de1b5622e5.jpg,c1939c47317dc38d9f7d7c7d5b30b259ba442b40448f492424666816a091906b,9b5987d9cbff92b4114286085cb36be4e2b5d8bfc97590149d9f89b68f96d79a,2,217,33,321,177,False,104,144,6227bf4ffcebdf1ab9f701d85a3bff89464519ba62d34410259a15cf3bd582bf,e183e2f51aeb260df7375779cb8cb81eb6970b1f0db0d9235febb09b5439db5e
train/Colete/78_jpg.rf.4608025fe026cd12c77a03de1b5622e5__obj003.png,Colete,train,train/images/78_jpg.rf.4608025fe026cd12c77a03de1b5622e5.jpg,c1939c47317dc38d9f7d7c7d5b30b259ba442b40448f492424666816a091906b,9b5987d9cbff92b4114286085cb36be4e2b5d8bfc97590149d9f89b68f96d79a,3,8,237,205,640,False,197,403,4e3bbc26250b684ab9bb6ece0e6965a5668f2548592e6ad8035df52e0d3a855f,8887829756d2292edb7087f78e9847c5baff043fae245fc6c970aa804a9d3b79
train/Colete/78_jpg.rf.4608025fe026cd12c77a03de1b5622e5__obj004.png,Colete,train,train/images/78_jpg.rf.4608025fe026cd12c77a03de1b5622e5.jpg,c1939c47317dc38d9f7d7c7d5b30b259ba442b40448f492424666816a091906b,9b5987d9cbff92b4114286085cb36be4e2b5d8bfc97590149d9f89b68f96d79a,4,217,210,410,640,False,193,430,cb31f7506c036b1579029d5deb2716c7d05dc4708057392987d1d4e6fd726987,604c96cf0b94c776de853616f2b1171bc810c3e7727ccc4ee07e221caf7c2275
train/Pessoa/78_jpg.rf.4608025fe026cd12c77a03de1b5622e5__obj005.png,Pessoa,train,train/images/78_jpg.rf.4608025fe026cd12c77a03de1b5622e5.jpg,c1939c47317dc38d9f7d7c7d5b30b259ba442b40448f492424666816a091906b,9b5987d9cbff92b4114286085cb36be4e2b5d8bfc97590149d9f89b68f96d79a,5,0,0,258,633,False,258,633,ed172571b63b8a7e17e9f1f37ed6fd746836523d01bb0d2071049817923e3c38,d98e52c9ee9db5108446ee1bccdde4febd0b995a44e4b2eea6010c109fce6a99
train/Pessoa/78_jpg.rf.4608025fe026cd12c77a03de1b5622e5__obj006.png,Pessoa,train,train/images/78_jpg.rf.4608025fe026cd12c77a03de1b5622e5.jpg,c1939c47317dc38d9f7d7c7d5b30b259ba442b40448f492424666816a091906b,9b5987d9cbff92b4114286085cb36be4e2b5d8bfc97590149d9f89b68f96d79a,6,202,11,498,639,False,296,628,47864c31b0ef52857f6a7b445d0406e029850fc87fab706bed751fb5733fcf8b,e6cc1513ca4bc64a3f8c91a9a6c358a02968dee76d18ca4c76a26f0fb6e9a3a7
train/Capacete/79_jpg.rf.7dea218ec63caf252ddde7c2a2fc05b6__obj001.png,Capacete,train,train/images/79_jpg.rf.7dea218ec63caf252ddde7c2a2fc05b6.jpg,240566cfe70f0c1b4045179276220639fe31a372c5473d419d185a5b097a97c4,2fb4f11ae6de629a7aea24ded10b2e6557ff4954a6b58f000cd1b4cbd5a295f3,1,201,199,314,282,False,113,83,09e9bb82b7266908db1e8c576bdc62cd0b64f2c4cc693aad37b7c9ea31f2d144,d541c0e2e281ccb767357f3b63e5b30984ab5581e64d6eab8d52ad28d886eb57
train/Capacete/79_jpg.rf.7dea218ec63caf252ddde7c2a2fc05b6__obj002.png,Capacete,train,train/images/79_jpg.rf.7dea218ec63caf252ddde7c2a2fc05b6.jpg,240566cfe70f0c1b4045179276220639fe31a372c5473d419d185a5b097a97c4,2fb4f11ae6de629a7aea24ded10b2e6557ff4954a6b58f000cd1b4cbd5a295f3,2,365,206,452,274,False,87,68,87e3dda8509e504d20ec26e6b498cb47bd6fbbb9b5ba726bdca675123418eedd,65ab5fd97190043b7a396c65d0c2a2add853c2a39122e3a16f824c2f1343ac32
train/Pessoa/79_jpg.rf.7dea218ec63caf252ddde7c2a2fc05b6__obj003.png,Pessoa,train,train/images/79_jpg.rf.7dea218ec63caf252ddde7c2a2fc05b6.jpg,240566cfe70f0c1b4045179276220639fe31a372c5473d419d185a5b097a97c4,2fb4f11ae6de629a7aea24ded10b2e6557ff4954a6b58f000cd1b4cbd5a295f3,3,331,204,534,640,False,203,436,23af96e87a8386e94ab0b6023f6bdac65445cf1cb05e59017629275225c22b6f,52bb85daeed78b01db4123c59774e3ab965be6f89a913a34830ab79cbf448589
train/Pessoa/79_jpg.rf.7dea218ec63caf252ddde7c2a2fc05b6__obj004.png,Pessoa,train,train/images/79_jpg.rf.7dea218ec63caf252ddde7c2a2fc05b6.jpg,240566cfe70f0c1b4045179276220639fe31a372c5473d419d185a5b097a97c4,2fb4f11ae6de629a7aea24ded10b2e6557ff4954a6b58f000cd1b4cbd5a295f3,4,117,192,380,640,False,263,448,858f3ca38e3222c99ddbeea5c8484989ffd45327a2c70873f9285a0dcfa60f8a,27cd8409d65ecf90cac20b9057f6abec69649b7da6c84c633cce3db72dc59479
train/Capacete/80_jpg.rf.452a52b741b19ec60b13eeff840ae24d__obj001.png,Capacete,train,train/images/80_jpg.rf.452a52b741b19ec60b13eeff840ae24d.jpg,7391976425c1abca71f04bf5552e122adb9f30ac2e2e8350d68beb619590008a,684f388cd0d93277c0aef555c377c027f05886eba7711484a819e186a43e6e6a,1,380,0,553,187,False,173,187,134237a79c681d23838568e012ac7984d078f04a860029d6dfb540e6a06d4794,15a4c4b4a4597b028629bd00f46816e3b6aedbded3fee72d9cf9bb727a824b19
train/Colete/80_jpg.rf.452a52b741b19ec60b13eeff840ae24d__obj002.png,Colete,train,train/images/80_jpg.rf.452a52b741b19ec60b13eeff840ae24d.jpg,7391976425c1abca71f04bf5552e122adb9f30ac2e2e8350d68beb619590008a,684f388cd0d93277c0aef555c377c027f05886eba7711484a819e186a43e6e6a,2,280,282,614,640,False,334,358,59ba4bacc0307da7fe30535d19ad33fdf150a747a2eba2731ec953a57905fb11,2f7867dfe679f5f1a5fef5fc1b2b09a3b0bb36fadca963b6b26b8e7acebf317e
train/Pessoa/80_jpg.rf.452a52b741b19ec60b13eeff840ae24d__obj003.png,Pessoa,train,train/images/80_jpg.rf.452a52b741b19ec60b13eeff840ae24d.jpg,7391976425c1abca71f04bf5552e122adb9f30ac2e2e8350d68beb619590008a,684f388cd0d93277c0aef555c377c027f05886eba7711484a819e186a43e6e6a,3,202,0,640,640,False,438,640,2409b163d5a1ec29247009f6c311ab0355cdfac5f9c0c15964ce890a121a3808,058454e0cf0588275a0afc4214414f01cb7c78122f7f7a0506adf614aaa9a397
train/Colete/81_jpg.rf.b59d512d6284ca76d66051548661b34c__obj001.png,Colete,train,train/images/81_jpg.rf.b59d512d6284ca76d66051548661b34c.jpg,0ee8dafc1b0c2a77c93f6e84cab6322ae2470d534db5fe796a8851a2680fcbb1,368372941856e4555b15823042f2431b821cd124be491e2a8f4e08b9bb29c65c,1,411,247,531,593,False,120,346,d0dcd43acebca05939a5fd0466d91ac0734e62f2919d5c58a5ab286fc434b891,f4c29b75b022975f36eb7c43b738390232ddc9781e52e131542afe69fdef3807
train/Colete/81_jpg.rf.b59d512d6284ca76d66051548661b34c__obj002.png,Colete,train,train/images/81_jpg.rf.b59d512d6284ca76d66051548661b34c.jpg,0ee8dafc1b0c2a77c93f6e84cab6322ae2470d534db5fe796a8851a2680fcbb1,368372941856e4555b15823042f2431b821cd124be491e2a8f4e08b9bb29c65c,2,234,299,379,640,False,145,341,26aaec929d75b6e40d182fd78b3cf239f7acc51376bb91e01b48315ec3e77508,72153d75ec45b204d2406d631063eafa47d7cc6a6f122cc4b9abfb7fca26d6c7
train/Pessoa/81_jpg.rf.b59d512d6284ca76d66051548661b34c__obj003.png,Pessoa,train,train/images/81_jpg.rf.b59d512d6284ca76d66051548661b34c.jpg,0ee8dafc1b0c2a77c93f6e84cab6322ae2470d534db5fe796a8851a2680fcbb1,368372941856e4555b15823042f2431b821cd124be491e2a8f4e08b9bb29c65c,3,205,176,397,640,False,192,464,ce3f244ffafe49e028c02b479784ecfebdaf0a40e04c34747b9817fc45583641,4ece81949ed0cdaca2d39ac45ee17c9ad8dad90b176d1b6604d62395e3f4e36e
train/Pessoa/81_jpg.rf.b59d512d6284ca76d66051548661b34c__obj004.png,Pessoa,train,train/images/81_jpg.rf.b59d512d6284ca76d66051548661b34c.jpg,0ee8dafc1b0c2a77c93f6e84cab6322ae2470d534db5fe796a8851a2680fcbb1,368372941856e4555b15823042f2431b821cd124be491e2a8f4e08b9bb29c65c,4,316,160,529,640,False,213,480,f8bd1257a36fa85199f261373aa8a7457d6a9b762da6d8194ddd6591ed0340c0,0913725a2af947ae5abc7cdda7cd05aa12524f7db53fb32a62543193cb35a125
train/Pessoa/82_jpg.rf.704059f3a91b4dc181a8ec25f555a7c0__obj001.png,Pessoa,train,train/images/82_jpg.rf.704059f3a91b4dc181a8ec25f555a7c0.jpg,45c752b2888f130655a1f3826069a1147aea2c9b25f5affa4ad21a50016e5f4d,79afe71db42ea4c0bdd9537de3ae30a20f178f935012b38d640c4dcdaaf86954,1,432,215,486,352,False,54,137,1a9ca753f090dde9152f89ac06767864aa00b159da29f10b686585aee575560a,54c110b689bd2a3702afea8a35a07f79ef94d2807a5a4514c9ff7a04129790d9
train/Pessoa/82_jpg.rf.704059f3a91b4dc181a8ec25f555a7c0__obj002.png,Pessoa,train,train/images/82_jpg.rf.704059f3a91b4dc181a8ec25f555a7c0.jpg,45c752b2888f130655a1f3826069a1147aea2c9b25f5affa4ad21a50016e5f4d,79afe71db42ea4c0bdd9537de3ae30a20f178f935012b38d640c4dcdaaf86954,2,237,161,357,492,False,120,331,4c617ac7b080892336f28c9953dbd91c51fab4d4388d8f1c0f2d5f7105900672,87a5dca2eaba10dd62f589f5bccd806f7a2f60179bd0ba0644243401b3d06840
train/Pessoa/82_jpg.rf.704059f3a91b4dc181a8ec25f555a7c0__obj003.png,Pessoa,train,train/images/82_jpg.rf.704059f3a91b4dc181a8ec25f555a7c0.jpg,45c752b2888f130655a1f3826069a1147aea2c9b25f5affa4ad21a50016e5f4d,79afe71db42ea4c0bdd9537de3ae30a20f178f935012b38d640c4dcdaaf86954,3,129,175,273,460,False,144,285,8999518f0acae4b3d81f882981a7936852dcae0ecb2a0ef73df65c05b98bfffa,3df716a9de41f81c9f4677326fdfbf4eb3176faed5c109616bd9ae110cc7e4f6
train/Pessoa/82_jpg.rf.704059f3a91b4dc181a8ec25f555a7c0__obj004.png,Pessoa,train,train/images/82_jpg.rf.704059f3a91b4dc181a8ec25f555a7c0.jpg,45c752b2888f130655a1f3826069a1147aea2c9b25f5affa4ad21a50016e5f4d,79afe71db42ea4c0bdd9537de3ae30a20f178f935012b38d640c4dcdaaf86954,4,555,231,583,324,False,28,93,cae1eea719abd4c4d25e530f67f9249b001a6644cb499142f9b0a9e5dfb0ca94,131fd28611a0d8d9dfbf467ea53248af6c6b151719a150071dad8cdee118c857
train/Colete/82_jpg.rf.704059f3a91b4dc181a8ec25f555a7c0__obj005.png,Colete,train,train/images/82_jpg.rf.704059f3a91b4dc181a8ec25f555a7c0.jpg,45c752b2888f130655a1f3826069a1147aea2c9b25f5affa4ad21a50016e5f4d,79afe71db42ea4c0bdd9537de3ae30a20f178f935012b38d640c4dcdaaf86954,5,189,215,270,320,False,81,105,fa1e6857d6ca7dcfc086322ff1dc05438144c302f92b2e1b3ef7ecbf82ab6849,2f198dd411e846b227e587d05c32017a4495e9553ef353a239a05b9cfa8bad24
train/Colete/82_jpg.rf.704059f3a91b4dc181a8ec25f555a7c0__obj006.png,Colete,train,train/images/82_jpg.rf.704059f3a91b4dc181a8ec25f555a7c0.jpg,45c752b2888f130655a1f3826069a1147aea2c9b25f5affa4ad21a50016e5f4d,79afe71db42ea4c0bdd9537de3ae30a20f178f935012b38d640c4dcdaaf86954,6,437,231,477,296,False,40,65,82f984c9392a5b4613adc8c3da7c6357abd72c86e24fa9ffca7e9dd177ce59c0,87ed856a24fa2555172aa7ac67293f443ac082c1eb902d812b6c1f93c5071a4a
train/Capacete/83_jpg.rf.4bcb411d402cf2b1ff78bfd8364c5362__obj001.png,Capacete,train,train/images/83_jpg.rf.4bcb411d402cf2b1ff78bfd8364c5362.jpg,d0be7a1cc70281d32b25296572330cb33660ae23f790fd5689e4815ba6361497,0d94d31b00b2673604754ac5777e474d527cd47e80afd0fac2c64f9d4430dfe2,1,270,127,344,181,False,74,54,239857b9effcb64f585b08642e1ae03b0c07c2c023cfa942d1a078f89d2f8fb0,5847c4623e1ce62a3ce7c333625c61cccd4577008af03f56b5904afe27534790
train/Colete/83_jpg.rf.4bcb411d402cf2b1ff78bfd8364c5362__obj002.png,Colete,train,train/images/83_jpg.rf.4bcb411d402cf2b1ff78bfd8364c5362.jpg,d0be7a1cc70281d32b25296572330cb33660ae23f790fd5689e4815ba6361497,0d94d31b00b2673604754ac5777e474d527cd47e80afd0fac2c64f9d4430dfe2,2,230,220,367,426,False,137,206,00c76783856b39fb501cdfde227ce25a7cea0cb73629b82e06ed6c7449247272,7d4e51ff8a4776123ed2595e1fbf16521a12ae34a1883514750695e612485c07
train/Pessoa/83_jpg.rf.4bcb411d402cf2b1ff78bfd8364c5362__obj003.png,Pessoa,train,train/images/83_jpg.rf.4bcb411d402cf2b1ff78bfd8364c5362.jpg,d0be7a1cc70281d32b25296572330cb33660ae23f790fd5689e4815ba6361497,0d94d31b00b2673604754ac5777e474d527cd47e80afd0fac2c64f9d4430dfe2,3,204,126,390,638,False,186,512,b9790eae68400fa98a1c7b1b72b3a6e24f13a73ed6520a7edd50df83094b52fc,cdc2f0e960d9b5461aba03474526beacaa2afdef7d4dd1aa81c5b2a1e578f5f9
train/Capacete/84_jpg.rf.fcaa81781d28e0abc1dfae049fe7c0a2__obj001.png,Capacete,train,train/images/84_jpg.rf.fcaa81781d28e0abc1dfae049fe7c0a2.jpg,caeddbaec6386b897829de990a4b57ef03dacafd300fac4d612add643b249bcb,3f4fcc0b642389e788a274d437624b3a4f8965e2d50307619bd555ba9688fc9e,1,240,61,313,198,False,73,137,6ee5a3140e9e728fd736353552b8635c65c728bb6f45a3fbf83675147674cf55,b63d7c86e3bc02ab41f5a504bf487573411603186e3e9a741c717ea6a613fa6e
train/Capacete/84_jpg.rf.fcaa81781d28e0abc1dfae049fe7c0a2__obj002.png,Capacete,train,train/images/84_jpg.rf.fcaa81781d28e0abc1dfae049fe7c0a2.jpg,caeddbaec6386b897829de990a4b57ef03dacafd300fac4d612add643b249bcb,3f4fcc0b642389e788a274d437624b3a4f8965e2d50307619bd555ba9688fc9e,2,365,278,450,384,False,85,106,68c10d41d734f8014d37225326f5e8e208ebb98acbc10fb583a0015551e8a0b0,f20c145d3843022e878406380d3b1dcb718159be43cddf938e57cd8f0375d89c
train/Capacete/84_jpg.rf.fcaa81781d28e0abc1dfae049fe7c0a2__obj003.png,Capacete,train,train/images/84_jpg.rf.fcaa81781d28e0abc1dfae049fe7c0a2.jpg,caeddbaec6386b897829de990a4b57ef03dacafd300fac4d612add643b249bcb,3f4fcc0b642389e788a274d437624b3a4f8965e2d50307619bd555ba9688fc9e,3,44,93,95,198,False,51,105,cb04b564f60989e112ac27fc296f5a921bcf9fb5314593a687df27043de5ee8d,151f815662db5175f572f4d2ffa8d575d8297417c0d22f61ca056a207e61e70f
train/Colete/84_jpg.rf.fcaa81781d28e0abc1dfae049fe7c0a2__obj004.png,Colete,train,train/images/84_jpg.rf.fcaa81781d28e0abc1dfae049fe7c0a2.jpg,caeddbaec6386b897829de990a4b57ef03dacafd300fac4d612add643b249bcb,3f4fcc0b642389e788a274d437624b3a4f8965e2d50307619bd555ba9688fc9e,4,237,86,379,288,False,142,202,e33485b2cbc9dd606d57691258793fd1feef34fe9874d2db3cb7a18498d54e2a,d337395f4d60869ee353001256f555e7d361ff3c98a2f32b196262a653887c78
train/Colete/84_jpg.rf.fcaa81781d28e0abc1dfae049fe7c0a2__obj005.png,Colete,train,train/images/84_jpg.rf.fcaa81781d28e0abc1dfae049fe7c0a2.jpg,caeddbaec6386b897829de990a4b57ef03dacafd300fac4d612add643b249bcb,3f4fcc0b642389e788a274d437624b3a4f8965e2d50307619bd555ba9688fc9e,5,389,333,561,530,False,172,197,512ccc471d49c03ea09940411c22ac6740b1dd0c7040266ea52f234feb4c38dd,099a27ee2b5dc60abd19db04dade90926e029a97e43c55fb8aa5d023d95d13a7
train/Colete/84_jpg.rf.fcaa81781d28e0abc1dfae049fe7c0a2__obj006.png,Colete,train,train/images/84_jpg.rf.fcaa81781d28e0abc1dfae049fe7c0a2.jpg,caeddbaec6386b897829de990a4b57ef03dacafd300fac4d612add643b249bcb,3f4fcc0b642389e788a274d437624b3a4f8965e2d50307619bd555ba9688fc9e,6,50,120,192,296,False,142,176,5a1af9ca411581a32d0f1b9e0344bfddc202a9c34e15f36b0194e81f06d3af57,5e5b5bffc7e617e9ccd3811abeb92a7244ee6a0eb8d31c560dd5e941c42dd53f
train/Pessoa/84_jpg.rf.fcaa81781d28e0abc1dfae049fe7c0a2__obj007.png,Pessoa,train,train/images/84_jpg.rf.fcaa81781d28e0abc1dfae049fe7c0a2.jpg,caeddbaec6386b897829de990a4b57ef03dacafd300fac4d612add643b249bcb,3f4fcc0b642389e788a274d437624b3a4f8965e2d50307619bd555ba9688fc9e,7,40,90,191,457,False,151,367,99c64ee2da99c7bdf420fa82441aa224870abacca5a8ba5115a6f2b29654da09,4e9e11f719a91e231dcb76fd793f30c35c9c5cba133c860f3b1f2c69ca358baf
train/Pessoa/84_jpg.rf.fcaa81781d28e0abc1dfae049fe7c0a2__obj008.png,Pessoa,train,train/images/84_jpg.rf.fcaa81781d28e0abc1dfae049fe7c0a2.jpg,caeddbaec6386b897829de990a4b57ef03dacafd300fac4d612add643b249bcb,3f4fcc0b642389e788a274d437624b3a4f8965e2d50307619bd555ba9688fc9e,8,217,59,379,528,False,162,469,6ea477137b1839e90c9db9f50aac627a5b264aae70d183496b629a75269b9a48,6e0ba935dc0e1ed3b48ef91c0a3c61d291e7b9e78c71d0685bc89891b836208d
train/Pessoa/84_jpg.rf.fcaa81781d28e0abc1dfae049fe7c0a2__obj009.png,Pessoa,train,train/images/84_jpg.rf.fcaa81781d28e0abc1dfae049fe7c0a2.jpg,caeddbaec6386b897829de990a4b57ef03dacafd300fac4d612add643b249bcb,3f4fcc0b642389e788a274d437624b3a4f8965e2d50307619bd555ba9688fc9e,9,257,274,575,552,False,318,278,e03e7de388524981e1479d1902cf8e20a78fb7fb57759eae2fada1d6d996a2dc,bd42166f6d7208ba3047cb45fcf9fc6c525006fa3351a5a3bcb83e7fa91c3a1c
train/Capacete/85_jpg.rf.98822b1252b2bf7a3e0e2319c492a5b2__obj001.png,Capacete,train,train/images/85_jpg.rf.98822b1252b2bf7a3e0e2319c492a5b2.jpg,5d869963440a79b72348737a3965f92d10c4490b34760910263abd985c533c79,a134d1dc6b2cb6e45fbc666065bdc5185bf75bd7898607256c157a516571bd8c,1,230,0,445,118,False,215,118,c0aca5bfbf8affb4a7a44398a3878be99b361acd8f562e1f6cc686ce069a2ba7,ef0792bded2cce5c34013a7f9081796ba29ca1f0543466c24796fa865006580a
train/Colete/85_jpg.rf.98822b1252b2bf7a3e0e2319c492a5b2__obj002.png,Colete,train,train/images/85_jpg.rf.98822b1252b2bf7a3e0e2319c492a5b2.jpg,5d869963440a79b72348737a3965f92d10c4490b34760910263abd985c533c79,a134d1dc6b2cb6e45fbc666065bdc5185bf75bd7898607256c157a516571bd8c,2,189,212,476,640,False,287,428,a005c210bedea7a7e4da52f83af13bc37783de99b4a2e00c91016def9d173969,3c73ebe96f412183b676b1b9a389d90bdfbd049bdaa6201a304ea0c6ff468990
train/Capacete/86_jpg.rf.cbffb130b2a8823d8c71ce64b4d29de1__obj001.png,Capacete,train,train/images/86_jpg.rf.cbffb130b2a8823d8c71ce64b4d29de1.jpg,2418f2a63d0e2391cad3932ef23d2e7060a0c4171f61311c2aba607b9f6c716f,db358e453d1a3a0938fbf711fe414f61e8de85b141f8f09c6904d62cb653a14d,1,209,120,271,200,False,62,80,5c37e299e9afc2cfee5b3b57fe4baa2e87e59b2e6dd07d24e792835e9283497c,693619b7ee5d50c6a6f76d0fab086955e2e8e9cb9a5e00169a55a3f116d1272b
train/Colete/86_jpg.rf.cbffb130b2a8823d8c71ce64b4d29de1__obj002.png,Colete,train,train/images/86_jpg.rf.cbffb130b2a8823d8c71ce64b4d29de1.jpg,2418f2a63d0e2391cad3932ef23d2e7060a0c4171f61311c2aba607b9f6c716f,db358e453d1a3a0938fbf711fe414f61e8de85b141f8f09c6904d62cb653a14d,2,202,242,310,450,False,108,208,887311acf850385eb3cec77b397f65906ac78e5d054a40b545edd208c0ce0431,4656460b6b5568b36e4267e3e82ec9542b467748bef0a760376a12c49218e61f
train/Pessoa/86_jpg.rf.cbffb130b2a8823d8c71ce64b4d29de1__obj003.png,Pessoa,train,train/images/86_jpg.rf.cbffb130b2a8823d8c71ce64b4d29de1.jpg,2418f2a63d0e2391cad3932ef23d2e7060a0c4171f61311c2aba607b9f6c716f,db358e453d1a3a0938fbf711fe414f61e8de85b141f8f09c6904d62cb653a14d,3,196,120,348,640,False,152,520,f5755372945c56765634ffd41693191c6a6bfc2377f10d3f1c8aaa1bf1c846f6,d6367709cc838e6fc360d5f514f26d42abe2c3b35830b922e3dfe52547c08ee6
train/Colete/86_jpg.rf.cbffb130b2a8823d8c71ce64b4d29de1__obj004.png,Colete,train,train/images/86_jpg.rf.cbffb130b2a8823d8c71ce64b4d29de1.jpg,2418f2a63d0e2391cad3932ef23d2e7060a0c4171f61311c2aba607b9f6c716f,db358e453d1a3a0938fbf711fe414f61e8de85b141f8f09c6904d62cb653a14d,4,100,170,175,306,False,75,136,cfcfad8fd467cf8fcf7b4837cf8e946eefc51dcd0a2891770f54ed5f13609f33,a913db61f68257d21d309337a0b4edd462c14b33dec4496e79008df325c24925
train/Capacete/86_jpg.rf.cbffb130b2a8823d8c71ce64b4d29de1__obj005.png,Capacete,train,train/images/86_jpg.rf.cbffb130b2a8823d8c71ce64b4d29de1.jpg,2418f2a63d0e2391cad3932ef23d2e7060a0c4171f61311c2aba607b9f6c716f,db358e453d1a3a0938fbf711fe414f61e8de85b141f8f09c6904d62cb653a14d,5,119,109,152,144,False,33,35,4fb9795b3be64f16d9184762fccd0647b3d9a837e28b50f6a145ee5cd20ad4c3,2ef8aa576b2ba8730d9a8f215bc7c1a44e51628ff21451a241d30088879bedd1
train/Pessoa/86_jpg.rf.cbffb130b2a8823d8c71ce64b4d29de1__obj006.png,Pessoa,train,train/images/86_jpg.rf.cbffb130b2a8823d8c71ce64b4d29de1.jpg,2418f2a63d0e2391cad3932ef23d2e7060a0c4171f61311c2aba607b9f6c716f,db358e453d1a3a0938fbf711fe414f61e8de85b141f8f09c6904d62cb653a14d,6,87,102,193,400,False,106,298,a30d4b1cf74b0df4513e517480dd18a7710c4dffb7f5e67e523e406e0e946f1a,1424ed97e19fef647ec621c5552c41362681f8c87682a45b5333f08580cc3e9e
train/Capacete/87_jpg.rf.efe2421c58a011ca1ab08cb253eeb4e5__obj001.png,Capacete,train,train/images/87_jpg.rf.efe2421c58a011ca1ab08cb253eeb4e5.jpg,993dca75c75b28f5cd60aa62824b1dda7fe645bcdf43cc80307b09cf47621228,6880c42b1fb54aae88cd3b5ffd4cef9a32877af4012584803db15670738c62f4,1,26,0,371,228,False,345,228,71b6711489d89f92ba69261ca0937412a93f7414d5384785c335f140b7610c60,ee3e576fa09b6f1227308671f75a69eb89e533d8d235f65d60e4c7f01599d3aa
train/Colete/87_jpg.rf.efe2421c58a011ca1ab08cb253eeb4e5__obj002.png,Colete,train,train/images/87_jpg.rf.efe2421c58a011ca1ab08cb253eeb4e5.jpg,993dca75c75b28f5cd60aa62824b1dda7fe645bcdf43cc80307b09cf47621228,6880c42b1fb54aae88cd3b5ffd4cef9a32877af4012584803db15670738c62f4,2,1,386,536,640,False,535,254,8e8fb94c1032798b5a9e22a7d3d4947b162a80cabd225df231c50bfd651f6f16,b1cf1190baf82888dfebb3e2a62c7ce7c43522b58e794b6afd474d801f18c08c
train/Pessoa/87_jpg.rf.efe2421c58a011ca1ab08cb253eeb4e5__obj003.png,Pessoa,train,train/images/87_jpg.rf.efe2421c58a011ca1ab08cb253eeb4e5.jpg,993dca75c75b28f5cd60aa62824b1dda7fe645bcdf43cc80307b09cf47621228,6880c42b1fb54aae88cd3b5ffd4cef9a32877af4012584803db15670738c62f4,3,0,0,592,639,False,592,639,05a565f3fc1689f571beb117780428d9e0eea40a56986589b97c5d1f37c2f825,820abf0b17d8102ecd0937d989aa2cf25636aa9bce5436c07f2617a4c917165d
train/Capacete/88_jpg.rf.471befb13dd9222257c026ff121aa13e__obj001.png,Capacete,train,train/images/88_jpg.rf.471befb13dd9222257c026ff121aa13e.jpg,9fcc04c41e6724af2c907f222c67420f4cb595b8c59556866dc780a776e0f677,84a5dbd3679ba5f035237fb094772337182782399c29f87c7c7bbc94bcfd069a,1,265,131,380,269,False,115,138,98b12253574723378e29dbc877c4c3b173e80b02cb8212d5bed185e1779dd0b4,55faad75e66d733ffc829a968336449819583871050b9d0ea39173e3dc22069f
train/Capacete/88_jpg.rf.471befb13dd9222257c026ff121aa13e__obj002.png,Capacete,train,train/images/88_jpg.rf.471befb13dd9222257c026ff121aa13e.jpg,9fcc04c41e6724af2c907f222c67420f4cb595b8c59556866dc780a776e0f677,84a5dbd3679ba5f035237fb094772337182782399c29f87c7c7bbc94bcfd069a,2,431,164,531,304,False,100,140,f4d56f69950a321fee365a508f91303a315f6de55c32fd48f08377c2c741f1fb,32c2e9ff0d15f63cbf9636012f8642098e515e0c5cfdb2a3e49cdb3501705953
train/Colete/88_jpg.rf.471befb13dd9222257c026ff121aa13e__obj003.png,Colete,train,train/images/88_jpg.rf.471befb13dd9222257c026ff121aa13e.jpg,9fcc04c41e6724af2c907f222c67420f4cb595b8c59556866dc780a776e0f677,84a5dbd3679ba5f035237fb094772337182782399c29f87c7c7bbc94bcfd069a,3,180,309,367,640,False,187,331,cd033243875390c64ab2015e1513b5f79baa73b0d302b9a9c083664f2f9245c8,1258abbc93c942698a73bed445f1e5786da5b62436a80f7f8d4143036cb2e7f3
train/Pessoa/88_jpg.rf.471befb13dd9222257c026ff121aa13e__obj004.png,Pessoa,train,train/images/88_jpg.rf.471befb13dd9222257c026ff121aa13e.jpg,9fcc04c41e6724af2c907f222c67420f4cb595b8c59556866dc780a776e0f677,84a5dbd3679ba5f035237fb094772337182782399c29f87c7c7bbc94bcfd069a,4,0,0,201,638,False,201,638,54f7cbc0361e115bf63c03af3f90c4958320edde3b15a433644598f1c917bdaa,88a5d26c0de2d95601bad103ce4ade741904c49c8d6dfba006a133fece729088
train/Pessoa/88_jpg.rf.471befb13dd9222257c026ff121aa13e__obj005.png,Pessoa,train,train/images/88_jpg.rf.471befb13dd9222257c026ff121aa13e.jpg,9fcc04c41e6724af2c907f222c67420f4cb595b8c59556866dc780a776e0f677,84a5dbd3679ba5f035237fb094772337182782399c29f87c7c7bbc94bcfd069a,5,171,135,405,640,False,234,505,630c5884dbba10f3e4f8bbd68c63664e2a38e50a2c8d320ee4b053ca0242c8da,50ca5908d7566c09c7921fed64a646a02a1e9f11620e7f4b18703243cfc9b4e3
train/Pessoa/88_jpg.rf.471befb13dd9222257c026ff121aa13e__obj006.png,Pessoa,train,train/images/88_jpg.rf.471befb13dd9222257c026ff121aa13e.jpg,9fcc04c41e6724af2c907f222c67420f4cb595b8c59556866dc780a776e0f677,84a5dbd3679ba5f035237fb094772337182782399c29f87c7c7bbc94bcfd069a,6,352,166,620,639,False,268,473,f5b17b095fbde0f3f8534ff47ad4807874dae52664a11cc008d19c1e9413cac8,6e5d24ae1ec8d4ed0235cd16905347f73832473857cdd3144f3ab4e3a3adc6d8
train/Capacete/89_jpg.rf.b4d36f7f8735d880645b2d8dee11dcef__obj001.png,Capacete,train,train/images/89_jpg.rf.b4d36f7f8735d880645b2d8dee11dcef.jpg,521ec21c433e775c2d04ae1a821781a789238b062e6842ca245be247f6babf45,53b89899779e342a00207f2f47d5cf4525d33ecde454976accdd5cbd140d2fd2,1,69,138,138,200,False,69,62,217ac80b5492d2085a29249b49c3c9afc8e06d931f9cd1984280d1351c613558,701a24f5e70273547a24975754414e9b787d885fb38d0154d6f2ac9c621740a2
train/Capacete/89_jpg.rf.b4d36f7f8735d880645b2d8dee11dcef__obj002.png,Capacete,train,train/images/89_jpg.rf.b4d36f7f8735d880645b2d8dee11dcef.jpg,521ec21c433e775c2d04ae1a821781a789238b062e6842ca245be247f6babf45,53b89899779e342a00207f2f47d5cf4525d33ecde454976accdd5cbd140d2fd2,2,210,129,283,200,False,73,71,72f1baf4806054e1b22952f907488390375a0ac4f9fa3a23bd39f25b02d41a56,56615f89fb12564c69de2763ec9cf2017c2b1be6bc5835238f939e77cfba3248
train/Pessoa/89_jpg.rf.b4d36f7f8735d880645b2d8dee11dcef__obj003.png,Pessoa,train,train/images/89_jpg.rf.b4d36f7f8735d880645b2d8dee11dcef.jpg,521ec21c433e775c2d04ae1a821781a789238b062e6842ca245be247f6babf45,53b89899779e342a00207f2f47d5cf4525d33ecde454976accdd5cbd140d2fd2,3,15,137,166,640,False,151,503,b770f72c00e7c7336e529cd56faf33abfe17570c3c8fd03f9562e18d6e61ba20,94145395ec977e927772983b35f084ec95e0bc381ac6b1999c249226434b8231
train/Pessoa/89_jpg.rf.b4d36f7f8735d880645b2d8dee11dcef__obj004.png,Pessoa,train,train/images/89_jpg.rf.b4d36f7f8735d880645b2d8dee11dcef.jpg,521ec21c433e775c2d04ae1a821781a789238b062e6842ca245be247f6babf45,53b89899779e342a00207f2f47d5cf4525d33ecde454976accdd5cbd140d2fd2,4,177,127,330,640,False,153,513,e5d8c841b9f1c9675f1359b0e3909d9313e8c917580399edc266ab730c8c4be2,a9041431138b7717cb59e8fda0a2e3e7872fdb1667dbab30936be7b86f790850
train/Capacete/90_jpg.rf.3d74d9ba439bc88d650c8fc15a56385c__obj001.png,Capacete,train,train/images/90_jpg.rf.3d74d9ba439bc88d650c8fc15a56385c.jpg,ace3adaf1a2ed82df67356f73f5016207d7c1c355f58b315a16921a6a988e1b3,c33be81dbc42b1fc63dfbf1a402cc559ed3e1a0d05b71d1b153de299e5dacb79,1,100,76,205,189,False,105,113,b6d50c1c0420793af2f15da1b8419557f6290ce3b2de788c1f9f5eb25003a9ad,02097d5a4f35c00e27a756794317bdebce452a2902b80bb0daba74d21388856e
train/Capacete/90_jpg.rf.3d74d9ba439bc88d650c8fc15a56385c__obj002.png,Capacete,train,train/images/90_jpg.rf.3d74d9ba439bc88d650c8fc15a56385c.jpg,ace3adaf1a2ed82df67356f73f5016207d7c1c355f58b315a16921a6a988e1b3,c33be81dbc42b1fc63dfbf1a402cc559ed3e1a0d05b71d1b153de299e5dacb79,2,326,80,424,191,False,98,111,54d028e7c99d123cab8415f037dce312965d7f6e7847951f1407582f4647741b,7428213bacbbd1ad5059d7fb507b4150b8f7f695c06d6faf5b3e163d32817227
train/Capacete/90_jpg.rf.3d74d9ba439bc88d650c8fc15a56385c__obj003.png,Capacete,train,train/images/90_jpg.rf.3d74d9ba439bc88d650c8fc15a56385c.jpg,ace3adaf1a2ed82df67356f73f5016207d7c1c355f58b315a16921a6a988e1b3,c33be81dbc42b1fc63dfbf1a402cc559ed3e1a0d05b71d1b153de299e5dacb79,3,414,91,517,188,False,103,97,7ee0b008485e7f1dedb0998a3506c910df284d34d7ea66f76fcd137c4901c1c0,f31f067ae47546e5439dd375c70b66a4f0f1eb0ad8a51e88f837f7886695848e
train/Colete/90_jpg.rf.3d74d9ba439bc88d650c8fc15a56385c__obj004.png,Colete,train,train/images/90_jpg.rf.3d74d9ba439bc88d650c8fc15a56385c.jpg,ace3adaf1a2ed82df67356f73f5016207d7c1c355f58b315a16921a6a988e1b3,c33be81dbc42b1fc63dfbf1a402cc559ed3e1a0d05b71d1b153de299e5dacb79,4,251,243,454,639,False,203,396,4ed9bdb5f7b15395d87a93de1a9845076c345840841035c37209569bf2031aec,985c95f4cddb0f36157ec4b0f32c52746fa67ae4bdbf4a8407d5767d34a01bad
train/Colete/90_jpg.rf.3d74d9ba439bc88d650c8fc15a56385c__obj005.png,Colete,train,train/images/90_jpg.rf.3d74d9ba439bc88d650c8fc15a56385c.jpg,ace3adaf1a2ed82df67356f73f5016207d7c1c355f58b315a16921a6a988e1b3,c33be81dbc42b1fc63dfbf1a402cc559ed3e1a0d05b71d1b153de299e5dacb79,5,410,264,590,640,False,180,376,ecb787cdde6420036e7b5c86333f1d2b5869254c1be2a4f6460c1b1fe4d59fb6,a3379e203084c3e3b64812434b70936528a4253096e9677a23fe3fadabb165d5
train/Pessoa/90_jpg.rf.3d74d9ba439bc88d650c8fc15a56385c__obj006.png,Pessoa,train,train/images/90_jpg.rf.3d74d9ba439bc88d650c8fc15a56385c.jpg,ace3adaf1a2ed82df67356f73f5016207d7c1c355f58b315a16921a6a988e1b3,c33be81dbc42b1fc63dfbf1a402cc559ed3e1a0d05b71d1b153de299e5dacb79,6,11,80,247,640,False,236,560,5586a59bc6b0777f94c622b8e0e27e69719ffe9c2057af46af1a200d36d67c17,e89eefdd5a7f5842a8345c50b250f5bb23ddcd81896a4e14aa482b4039eaafb3
train/Pessoa/90_jpg.rf.3d74d9ba439bc88d650c8fc15a56385c__obj007.png,Pessoa,train,train/images/90_jpg.rf.3d74d9ba439bc88d650c8fc15a56385c.jpg,ace3adaf1a2ed82df67356f73f5016207d7c1c355f58b315a16921a6a988e1b3,c33be81dbc42b1fc63dfbf1a402cc559ed3e1a0d05b71d1b153de299e5dacb79,7,255,82,470,640,False,215,558,8fb6993fddb1510e789d8d28c5c4f994769a8fb0955c1d3334da41ef76b848bb,8829d8ec28c0914ad5cbc92a8a0c44153c50392f1e9d2ebd078efbce486a4ed0
train/Pessoa/90_jpg.rf.3d74d9ba439bc88d650c8fc15a56385c__obj008.png,Pessoa,train,train/images/90_jpg.rf.3d74d9ba439bc88d650c8fc15a56385c.jpg,ace3adaf1a2ed82df67356f73f5016207d7c1c355f58b315a16921a6a988e1b3,c33be81dbc42b1fc63dfbf1a402cc559ed3e1a0d05b71d1b153de299e5dacb79,8,405,46,590,638,False,185,592,30352898637e11072c771ce358ccf66841a6b3a57879c3ce4d446d0f1dc87c25,04c32794a9caae0c83734416ae175fde2c696b2c978cb75bf9894b5e56f3e808
train/Capacete/91_jpg.rf.a85bb42577b06a9d4f6fb2c528b81ae8__obj001.png,Capacete,train,train/images/91_jpg.rf.a85bb42577b06a9d4f6fb2c528b81ae8.jpg,0ee49fcd17692a4757b8c500f6f7a8934b9655c6140818c11de8d1e35f2460e6,31535d400eac0b692188e891071c0b2a6e63a6836b745920e08862458c5cf65d,1,65,85,166,173,False,101,88,fc8c0249420e55afa48981678d10aae2737ed52f1cabcb0ee561e3a175658a7f,c0d8b5029d39f8abec7da297c3ce79bea1360265e6a7f393ade78be6b0d202a7
train/Capacete/91_jpg.rf.a85bb42577b06a9d4f6fb2c528b81ae8__obj002.png,Capacete,train,train/images/91_jpg.rf.a85bb42577b06a9d4f6fb2c528b81ae8.jpg,0ee49fcd17692a4757b8c500f6f7a8934b9655c6140818c11de8d1e35f2460e6,31535d400eac0b692188e891071c0b2a6e63a6836b745920e08862458c5cf65d,2,245,174,277,205,False,32,31,dc05687318c6a8b37265d156620f43933d801d8d3d858820362f04012500e738,e474310030086b032070438bf33977894d19571ca7dd2040cab703f91efda74b
train/Capacete/91_jpg.rf.a85bb42577b06a9d4f6fb2c528b81ae8__obj003.png,Capacete,train,train/images/91_jpg.rf.a85bb42577b06a9d4f6fb2c528b81ae8.jpg,0ee49fcd17692a4757b8c500f6f7a8934b9655c6140818c11de8d1e35f2460e6,31535d400eac0b692188e891071c0b2a6e63a6836b745920e08862458c5cf65d,3,389,130,430,198,False,41,68,42db30271ce13ff389f20c2fa41d9cc158019ffc57b5375dcad89453b8bf9994,00c0b66dae6c7f587f7a5200db7c56382c2b05f4d8940e4f14ef953c8ff93f09
train/Capacete/91_jpg.rf.a85bb42577b06a9d4f6fb2c528b81ae8__obj004.png,Capacete,train,train/images/91_jpg.rf.a85bb42577b06a9d4f6fb2c528b81ae8.jpg,0ee49fcd17692a4757b8c500f6f7a8934b9655c6140818c11de8d1e35f2460e6,31535d400eac0b692188e891071c0b2a6e63a6836b745920e08862458c5cf65d,4,510,186,563,241,False,53,55,6b7d0482751dbc135e841d10affcbe9dddb7ab113c36be897323faf9e8e5e7d6,3bd39e4ca66454be8efeee6696f7e161b399f5e095f1593beeb14ec22768430e
train/Pessoa/91_jpg.rf.a85bb42577b06a9d4f6fb2c528b81ae8__obj005.png,Pessoa,train,train/images/91_jpg.rf.a85bb42577b06a9d4f6fb2c528b81ae8.jpg,0ee49fcd17692a4757b8c500f6f7a8934b9655c6140818c11de8d1e35f2460e6,31535d400eac0b692188e891071c0b2a6e63a6836b745920e08862458c5cf65d,5,45,80,221,640,False,176,560,eddd297f1ea8a132c741a528448529a43f33179f1e65f66c438fc7287ea538fe,00b44e00af7fbeb963b7834152dcc3a7b398c78fdc956e10a2e005a385b65ab2
train/Pessoa/91_jpg.rf.a85bb42577b06a9d4f6fb2c528b81ae8__obj006.png,Pessoa,train,train/images/91_jpg.rf.a85bb42577b06a9d4f6fb2c528b81ae8.jpg,0ee49fcd17692a4757b8c500f6f7a8934b9655c6140818c11de8d1e35f2460e6,31535d400eac0b692188e891071c0b2a6e63a6836b745920e08862458c5cf65d,6,239,168,321,403,False,82,235,f00363449b8f5151cddd9c51157f62e087a89d10c1e4c76fd7c8d6371dc538a6,336390a9230ddf14c2b021e8cc021d70e31b6de2cac5e52084e64b4b75de501a
train/Pessoa/91_jpg.rf.a85bb42577b06a9d4f6fb2c528b81ae8__obj007.png,Pessoa,train,train/images/91_jpg.rf.a85bb42577b06a9d4f6fb2c528b81ae8.jpg,0ee49fcd17692a4757b8c500f6f7a8934b9655c6140818c11de8d1e35f2460e6,31535d400eac0b692188e891071c0b2a6e63a6836b745920e08862458c5cf65d,7,377,137,477,528,False,100,391,9e5e99f9e4ee00461e262b6d3f420b616d070e977658a7f6acd06c6fa24ea7f3,8f830b779d3374c34d1013895a0d4e76f823e145a35ca5f58a8f9f3348e55285
train/Pessoa/91_jpg.rf.a85bb42577b06a9d4f6fb2c528b81ae8__obj008.png,Pessoa,train,train/images/91_jpg.rf.a85bb42577b06a9d4f6fb2c528b81ae8.jpg,0ee49fcd17692a4757b8c500f6f7a8934b9655c6140818c11de8d1e35f2460e6,31535d400eac0b692188e891071c0b2a6e63a6836b745920e08862458c5cf65d,8,485,180,576,534,False,91,354,d286cbacb0e744c2e0073e9312a5ff64e67b1bb4a971c71a093c8437072743d9,c3e6c750570ab2f22789c7757d923c26ba7641331c440242ffa6cef7968685dc
train/Colete/91_jpg.rf.a85bb42577b06a9d4f6fb2c528b81ae8__obj009.png,Colete,train,train/images/91_jpg.rf.a85bb42577b06a9d4f6fb2c528b81ae8.jpg,0ee49fcd17692a4757b8c500f6f7a8934b9655c6140818c11de8d1e35f2460e6,31535d400eac0b692188e891071c0b2a6e63a6836b745920e08862458c5cf65d,9,25,184,193,498,False,168,314,1e17dcc38cf1bd089857c7bf62dd4611eeecb1403e4a439c897e11431ec1b548,17f4cdf00d6b8f38f61e784c9515e30421a825a220ba9eccf9564e8efd85e88f
train/Colete/91_jpg.rf.a85bb42577b06a9d4f6fb2c528b81ae8__obj010.png,Colete,train,train/images/91_jpg.rf.a85bb42577b06a9d4f6fb2c528b81ae8.jpg,0ee49fcd17692a4757b8c500f6f7a8934b9655c6140818c11de8d1e35f2460e6,31535d400eac0b692188e891071c0b2a6e63a6836b745920e08862458c5cf65d,10,240,200,294,297,False,54,97,f10dc2b8af887e6cdc3af554fbdc29a4e62949f741c199a6298de8efb1fdbdde,9fa7c28e4660edf32046be663e390dcf38b7b7ae1e1eca50b28bc39f0bbc838d
train/Colete/91_jpg.rf.a85bb42577b06a9d4f6fb2c528b81ae8__obj011.png,Colete,train,train/images/91_jpg.rf.a85bb42577b06a9d4f6fb2c528b81ae8.jpg,0ee49fcd17692a4757b8c500f6f7a8934b9655c6140818c11de8d1e35f2460e6,31535d400eac0b692188e891071c0b2a6e63a6836b745920e08862458c5cf65d,11,390,193,470,365,False,80,172,67c1897db256cc56cdb6b4bb7a2dffc263a91384f3cf6bbab22effd8cc0547e0,daf2d3ff51012a0b19e94799da0328b1cf411a728a6a12aaafb5d848f32780ed
train/Colete/91_jpg.rf.a85bb42577b06a9d4f6fb2c528b81ae8__obj012.png,Colete,train,train/images/91_jpg.rf.a85bb42577b06a9d4f6fb2c528b81ae8.jpg,0ee49fcd17692a4757b8c500f6f7a8934b9655c6140818c11de8d1e35f2460e6,31535d400eac0b692188e891071c0b2a6e63a6836b745920e08862458c5cf65d,12,491,231,573,400,False,82,169,c20335f27c115284b599222ffdde4778bb6b26afbc3c663c15ba2bd984015084,4693db109708beac4073052ba4c205670baad3687e2e303034da8faf906a3498
train/Capacete/92_jpg.rf.f2fc51d3e7a84458fb805d25bae63be2__obj001.png,Capacete,train,train/images/92_jpg.rf.f2fc51d3e7a84458fb805d25bae63be2.jpg,d45cb6c30fb6d32fcfae2687f722db11d2f829b2938fd8f30897cc9284c35eaa,9f0213f9159871543b19cd13a5e2e717463c3feac77d4f6d4abaedd603d09bff,1,202,0,528,415,False,326,415,08928c156d7d7378609e57d47c32b6a30eb8d7459a596b62df280cc99c709a4e,cbab3fc3e929ec255f733de94fba8d89fed3979c9d39d3516bf732a2c04b6618
train/Capacete/93_jpg.rf.5c706946549dc322e0376ffb03dab9f6__obj001.png,Capacete,train,train/images/93_jpg.rf.5c706946549dc322e0376ffb03dab9f6.jpg,49b645da39744cc2ffc74b07c553182460619aaf4db50136fe507b51f0ad54a4,439fc0bd2da08d8330b35c652d419a4a9efa3e3a3fe69c3cbe4ac319158a4fd7,1,310,19,460,178,False,150,159,fcde639949864068aad6504dbdf9cbb671c96ba7fcb2060e759504e97a9ee8c0,7df065bb5819442feadf9e00df7323bf90b12f13068f5a6690ae788f623ab209
train/Pessoa/93_jpg.rf.5c706946549dc322e0376ffb03dab9f6__obj002.png,Pessoa,train,train/images/93_jpg.rf.5c706946549dc322e0376ffb03dab9f6.jpg,49b645da39744cc2ffc74b07c553182460619aaf4db50136fe507b51f0ad54a4,439fc0bd2da08d8330b35c652d419a4a9efa3e3a3fe69c3cbe4ac319158a4fd7,2,115,25,640,640,False,525,615,df5adda48056d109f513c897d6654207d7d924456413143332d04a0f9a7719b2,013405e72af9836b4a43efcdcc96961ddc2ad8a24b7ab6c8ee4787fd510758f5
train/Capacete/94_jpg.rf.439c593c0b3ff3aebf29ed1f92ae3532__obj001.png,Capacete,train,train/images/94_jpg.rf.439c593c0b3ff3aebf29ed1f92ae3532.jpg,daff4b31053ad6685170cd28138a2073e5ef5b2f716ac51d4311428884ade5b2,1d20bd543cc7bc2c566e34af6b24d058bfad1708c4b52360934fb72b6dc01c4a,1,110,170,144,198,False,34,28,d548e16c171cddc866aeb6ecd73d30e24dff372c3ead5fa982da81349680e02a,cedae59993085ee35a573df485fb7a4550d8e6ffc655bec7c771cbe2ca974ba2
train/Capacete/94_jpg.rf.439c593c0b3ff3aebf29ed1f92ae3532__obj002.png,Capacete,train,train/images/94_jpg.rf.439c593c0b3ff3aebf29ed1f92ae3532.jpg,daff4b31053ad6685170cd28138a2073e5ef5b2f716ac51d4311428884ade5b2,1d20bd543cc7bc2c566e34af6b24d058bfad1708c4b52360934fb72b6dc01c4a,2,175,121,216,161,False,41,40,176dc9f09062d1079da602be9b3216cbd58c32662730e91c9024e5266aed0541,3d71987d2d6b59185b371da571f23c0c4ba42f2253a313ce20a5a5c408722a38
train/Capacete/94_jpg.rf.439c593c0b3ff3aebf29ed1f92ae3532__obj003.png,Capacete,train,train/images/94_jpg.rf.439c593c0b3ff3aebf29ed1f92ae3532.jpg,daff4b31053ad6685170cd28138a2073e5ef5b2f716ac51d4311428884ade5b2,1d20bd543cc7bc2c566e34af6b24d058bfad1708c4b52360934fb72b6dc01c4a,3,250,69,287,126,False,37,57,308a72233a21d830f385729bcc7ff0c3de16a403c411c2b314eb8c0561051c1a,c83d9d9286c2e80dc3929fb3873c2f5fac15350f26c75e6a2bc04e935f6f802a
train/Capacete/94_jpg.rf.439c593c0b3ff3aebf29ed1f92ae3532__obj004.png,Capacete,train,train/images/94_jpg.rf.439c593c0b3ff3aebf29ed1f92ae3532.jpg,daff4b31053ad6685170cd28138a2073e5ef5b2f716ac51d4311428884ade5b2,1d20bd543cc7bc2c566e34af6b24d058bfad1708c4b52360934fb72b6dc01c4a,4,322,75,386,147,False,64,72,b7605d0dd27541f5c8fbf5ed03ff934ac673b30363c44b46fa49388091a4ac3c,01ed9c1299b878fcec85f6db299d8d93d84de2b9b7031fc2f92b54a314660169
train/Capacete/94_jpg.rf.439c593c0b3ff3aebf29ed1f92ae3532__obj005.png,Capacete,train,train/images/94_jpg.rf.439c593c0b3ff3aebf29ed1f92ae3532.jpg,daff4b31053ad6685170cd28138a2073e5ef5b2f716ac51d4311428884ade5b2,1d20bd543cc7bc2c566e34af6b24d058bfad1708c4b52360934fb72b6dc01c4a,5,420,71,488,169,False,68,98,c32e666a43f0e1e660c9637ad99b145f2137ec7de731b50b55669ca9dd94f6e3,a0de6fb712df8fc97578b5ad104e3219797b142557d87b97980cdede435e79b0
train/Colete/94_jpg.rf.439c593c0b3ff3aebf29ed1f92ae3532__obj006.png,Colete,train,train/images/94_jpg.rf.439c593c0b3ff3aebf29ed1f92ae3532.jpg,daff4b31053ad6685170cd28138a2073e5ef5b2f716ac51d4311428884ade5b2,1d20bd543cc7bc2c566e34af6b24d058bfad1708c4b52360934fb72b6dc01c4a,6,154,171,219,301,False,65,130,3a5db751484e511e85746041a1ed5482fa7226a87e09c6ced63b3514f67dad85,8037691729a9d236fc55d025b88778e51a6266f39d758fd6baab7f51a5dd210c
train/Colete/94_jpg.rf.439c593c0b3ff3aebf29ed1f92ae3532__obj007.png,Colete,train,train/images/94_jpg.rf.439c593c0b3ff3aebf29ed1f92ae3532.jpg,daff4b31053ad6685170cd28138a2073e5ef5b2f716ac51d4311428884ade5b2,1d20bd543cc7bc2c566e34af6b24d058bfad1708c4b52360934fb72b6dc01c4a,7,222,131,294,273,False,72,142,8ffe0a55c1e86b6fe5f5141155f6b57530b45a0a5b760df677d3da24eeb215cd,0f8af543befc55fe93ba00b0293bd77f09fa6c94939d610ebdf2c56b8d9f1eb7
train/Colete/94_jpg.rf.439c593c0b3ff3aebf29ed1f92ae3532__obj008.png,Colete,train,train/images/94_jpg.rf.439c593c0b3ff3aebf29ed1f92ae3532.jpg,daff4b31053ad6685170cd28138a2073e5ef5b2f716ac51d4311428884ade5b2,1d20bd543cc7bc2c566e34af6b24d058bfad1708c4b52360934fb72b6dc01c4a,8,266,149,358,341,False,92,192,6e7622581ff94dc8193109fbbfdbccc0da46db7082f6c332648cb00e443478bf,7236329cc292813b257de4ea7c1b3dcbecc0fdbe012aff8a3e6d646e1f0eba52
train/Colete/94_jpg.rf.439c593c0b3ff3aebf29ed1f92ae3532__obj009.png,Colete,train,train/images/94_jpg.rf.439c593c0b3ff3aebf29ed1f92ae3532.jpg,daff4b31053ad6685170cd28138a2073e5ef5b2f716ac51d4311428884ade5b2,1d20bd543cc7bc2c566e34af6b24d058bfad1708c4b52360934fb72b6dc01c4a,9,490,118,636,363,False,146,245,8ae8fb3143d4e3303d8283a12ec50a92323f064cf830a02d4d35b2825a569ec1,0734436d7c58f7ff0ef4303d55779242df095be4cf950d730f41ff7eaa8b056d
train/Colete/94_jpg.rf.439c593c0b3ff3aebf29ed1f92ae3532__obj010.png,Colete,train,train/images/94_jpg.rf.439c593c0b3ff3aebf29ed1f92ae3532.jpg,daff4b31053ad6685170cd28138a2073e5ef5b2f716ac51d4311428884ade5b2,1d20bd543cc7bc2c566e34af6b24d058bfad1708c4b52360934fb72b6dc01c4a,10,100,208,151,302,False,51,94,35ec7ba13b602a7ff1cae687538d2ac0a0b74ade9dd7860eb15b18495886ef37,5edc4cd8cd4fc954c92db1ea6dad13b32cc48ddae13b2135f4b5db06c71373b1
train/Pessoa/94_jpg.rf.439c593c0b3ff3aebf29ed1f92ae3532__obj011.png,Pessoa,train,train/images/94_jpg.rf.439c593c0b3ff3aebf29ed1f92ae3532.jpg,daff4b31053ad6685170cd28138a2073e5ef5b2f716ac51d4311428884ade5b2,1d20bd543cc7bc2c566e34af6b24d058bfad1708c4b52360934fb72b6dc01c4a,11,87,161,159,390,False,72,229,522cde8efed9c58f416d21f7e91c1c35564acb5659c73feb88493aa66f067f70,86817b228add63dd4e471a2643bd37c411355edc400d408dfcdfd34b8c7038e4
train/Pessoa/94_jpg.rf.439c593c0b3ff3aebf29ed1f92ae3532__obj012.png,Pessoa,train,train/images/94_jpg.rf.439c593c0b3ff3aebf29ed1f92ae3532.jpg,daff4b31053ad6685170cd28138a2073e5ef5b2f716ac51d4311428884ade5b2,1d20bd543cc7bc2c566e34af6b24d058bfad1708c4b52360934fb72b6dc01c4a,12,146,121,225,438,False,79,317,c29726e84a60ed37a1125a6a673df57c96c63a99f5396c96a3bdbc3c378ceee9,213452e8c8c5a4f74605afaf25d58134e769c301bc5b6db543482858231da6a2
train/Pessoa/94_jpg.rf.439c593c0b3ff3aebf29ed1f92ae3532__obj013.png,Pessoa,train,train/images/94_jpg.rf.439c593c0b3ff3aebf29ed1f92ae3532.jpg,daff4b31053ad6685170cd28138a2073e5ef5b2f716ac51d4311428884ade5b2,1d20bd543cc7bc2c566e34af6b24d058bfad1708c4b52360934fb72b6dc01c4a,13,222,68,302,451,False,80,383,f2cf380cea8c9141109e3792af7a2f4f10b8e447a61754389679d5a21d0789b6,8758092362b9ad292e933df67d02cc0d0e61e2822d3b25228079e6fc598cacfa
train/Pessoa/94_jpg.rf.439c593c0b3ff3aebf29ed1f92ae3532__obj014.png,Pessoa,train,train/images/94_jpg.rf.439c593c0b3ff3aebf29ed1f92ae3532.jpg,daff4b31053ad6685170cd28138a2073e5ef5b2f716ac51d4311428884ade5b2,1d20bd543cc7bc2c566e34af6b24d058bfad1708c4b52360934fb72b6dc01c4a,14,274,68,381,523,False,107,455,c0d96003c0ccca09c61d27499f6fcbf5395e9d955215185a9faa7e6814e4b4a2,20afcb653583204f94a3d2ec5d25e45a9d964bfb4d3ca89db7156d581fda2a20
train/Pessoa/94_jpg.rf.439c593c0b3ff3aebf29ed1f92ae3532__obj015.png,Pessoa,train,train/images/94_jpg.rf.439c593c0b3ff3aebf29ed1f92ae3532.jpg,daff4b31053ad6685170cd28138a2073e5ef5b2f716ac51d4311428884ade5b2,1d20bd543cc7bc2c566e34af6b24d058bfad1708c4b52360934fb72b6dc01c4a,15,426,66,639,608,False,213,542,86e1c86db5daa5129edee7d26103a1d9cb580f822fa2dc52293764f87713a3c2,e32e11ba05bfb966207de0936c0756f8e92df58ee03dc3d9adb98e03bef12c8d
train/Capacete/95_jpg.rf.29dce35cbce382cd62a869e1f26c6205__obj001.png,Capacete,train,train/images/95_jpg.rf.29dce35cbce382cd62a869e1f26c6205.jpg,39dc3e89d83de86680f26b3b738eb89212eba09308633382df17337937558e23,96a6e2e192d355fad1b76b06faee9f81b94b95957927f7155d2e46a5bd52662b,1,212,25,422,121,False,210,96,4ea68da1c040cc20565ae6d2edc28f095d77150b9ef3854882827ad314222392,cb6d878772e4a0595c5d637e418addcfab5040ba1f4e103c8ad09ca5f8835cae
train/Colete/95_jpg.rf.29dce35cbce382cd62a869e1f26c6205__obj002.png,Colete,train,train/images/95_jpg.rf.29dce35cbce382cd62a869e1f26c6205.jpg,39dc3e89d83de86680f26b3b738eb89212eba09308633382df17337937558e23,96a6e2e192d355fad1b76b06faee9f81b94b95957927f7155d2e46a5bd52662b,2,136,171,516,475,False,380,304,03cda4e1018fa6795db926e6da6b7129235edf2195bdf6279a8ce3610c4c23bf,cce04cc9113b4f7ad7f3f4629609db4791b3d647ec6fefd9ce811ead179f2775
train/Pessoa/95_jpg.rf.29dce35cbce382cd62a869e1f26c6205__obj003.png,Pessoa,train,train/images/95_jpg.rf.29dce35cbce382cd62a869e1f26c6205.jpg,39dc3e89d83de86680f26b3b738eb89212eba09308633382df17337937558e23,96a6e2e192d355fad1b76b06faee9f81b94b95957927f7155d2e46a5bd52662b,3,15,34,640,640,False,625,606,cd957651599294b917bc5069d87c5d067be3bcd66c63a3748b693d2606b2a7e5,db5cb227ff569df4d8e720185b9e2e13548aa539d19074e135e8a36f732defbb
train/Colete/96_jpg.rf.2bf50416652b94e80152f5ac7405da3e__obj001.png,Colete,train,train/images/96_jpg.rf.2bf50416652b94e80152f5ac7405da3e.jpg,8f6fc7ed3f105ad4b1ace211b18417a87d66be3fefa82537641433786de459bb,c2fc6e777b80296d4899046947ebf31df03b1c7bf7fae3e3aeaa309a1dc61c2c,1,70,100,413,640,False,343,540,966410c421d9cf17d69aed1a665f16dd0fe43707c8689655712df149c6237f13,5107c9443130bfd9ccea782e287115305895eb871a9ce80a8f51b62bee9d64c3
train/Pessoa/96_jpg.rf.2bf50416652b94e80152f5ac7405da3e__obj002.png,Pessoa,train,train/images/96_jpg.rf.2bf50416652b94e80152f5ac7405da3e.jpg,8f6fc7ed3f105ad4b1ace211b18417a87d66be3fefa82537641433786de459bb,c2fc6e777b80296d4899046947ebf31df03b1c7bf7fae3e3aeaa309a1dc61c2c,2,75,0,413,640,False,338,640,3fcdd64b5aca4956e79cfe99d7219e32d539c5866484d9caf21d3f990989c3c6,8935d53f51533f3f966cbc8969a9d70c212c2e6b5ab9312dabdf9f248ffb02c6
train/Pessoa/96_jpg.rf.2bf50416652b94e80152f5ac7405da3e__obj003.png,Pessoa,train,train/images/96_jpg.rf.2bf50416652b94e80152f5ac7405da3e.jpg,8f6fc7ed3f105ad4b1ace211b18417a87d66be3fefa82537641433786de459bb,c2fc6e777b80296d4899046947ebf31df03b1c7bf7fae3e3aeaa309a1dc61c2c,3,5,373,67,640,False,62,267,c85f17475872088d4b1a7bea005538e4253c65ac4d289066ec08a92f7b736b46,13b31b594b7ecc281705f234c93b8ca4bbe6ac25d91e4e6b5220e9b8a7c59a7f
train/Colete/97_jpg.rf.73090d7a3a557b9a5964ed95d4eda321__obj001.png,Colete,train,train/images/97_jpg.rf.73090d7a3a557b9a5964ed95d4eda321.jpg,4f05ff6fabb2dd5fd3ba48c22ea55363b46f66100412adda011dd383c3ee3e78,195af07487bcf0033d51a35b76904753ceb9c5cc7b9852196268e00cef44518a,1,125,224,272,624,False,147,400,2f4c8c96705319e99ba45f8bd507652caeeaed139376feac5a4c08d1a0cd1d0a,2d574e52b8d87a7b283226367b7ebdb339b9d11a3bbe4e9c22bd84eb78aa3515
train/Colete/97_jpg.rf.73090d7a3a557b9a5964ed95d4eda321__obj002.png,Colete,train,train/images/97_jpg.rf.73090d7a3a557b9a5964ed95d4eda321.jpg,4f05ff6fabb2dd5fd3ba48c22ea55363b46f66100412adda011dd383c3ee3e78,195af07487bcf0033d51a35b76904753ceb9c5cc7b9852196268e00cef44518a,2,467,225,640,605,False,173,380,6ba1969ea2a96199843e0f9e27dbad8c5bcad39d5b818f0d2fbbd37e7c811368,eebbf09c4ca2198ec104bcfbd1b8e9e8aa96828ef0264418a1e3109ccbd9992b
train/Colete/97_jpg.rf.73090d7a3a557b9a5964ed95d4eda321__obj003.png,Colete,train,train/images/97_jpg.rf.73090d7a3a557b9a5964ed95d4eda321.jpg,4f05ff6fabb2dd5fd3ba48c22ea55363b46f66100412adda011dd383c3ee3e78,195af07487bcf0033d51a35b76904753ceb9c5cc7b9852196268e00cef44518a,3,302,234,368,374,False,66,140,3b5dc12a3626ef43203cb79f016a37a7c84ba42b70a858ef6d0b997ead390763,b6ccbe9aca1deb0b1c8363cd6eebb2834b8777256a9ec4e1c5d221fa397363c9
train/Pessoa/97_jpg.rf.73090d7a3a557b9a5964ed95d4eda321__obj004.png,Pessoa,train,train/images/97_jpg.rf.73090d7a3a557b9a5964ed95d4eda321.jpg,4f05ff6fabb2dd5fd3ba48c22ea55363b46f66100412adda011dd383c3ee3e78,195af07487bcf0033d51a35b76904753ceb9c5cc7b9852196268e00cef44518a,4,125,80,309,640,False,184,560,61a3062325fc23f2d074495a1c531e5afb4d22cfa7c12532e2a169c315870043,8a85c4c4d29a9b73fa5d620c6ee8a21057b6acb265cd4f6c0a4cfc10fb885bb0
train/Pessoa/97_jpg.rf.73090d7a3a557b9a5964ed95d4eda321__obj005.png,Pessoa,train,train/images/97_jpg.rf.73090d7a3a557b9a5964ed95d4eda321.jpg,4f05ff6fabb2dd5fd3ba48c22ea55363b46f66100412adda011dd383c3ee3e78,195af07487bcf0033d51a35b76904753ceb9c5cc7b9852196268e00cef44518a,5,291,180,379,584,False,88,404,e730d206856a7561d17df8c33aa83e781555db67f17399cb6a6c17615f198fae,78dce3c888379b69e53aecf8166a798b7bfe0d2f4bed1c4f3d596eb696b6ec31
train/Pessoa/97_jpg.rf.73090d7a3a557b9a5964ed95d4eda321__obj006.png,Pessoa,train,train/images/97_jpg.rf.73090d7a3a557b9a5964ed95d4eda321.jpg,4f05ff6fabb2dd5fd3ba48c22ea55363b46f66100412adda011dd383c3ee3e78,195af07487bcf0033d51a35b76904753ceb9c5cc7b9852196268e00cef44518a,6,418,89,640,640,False,222,551,5440d57db24af6c3818c2cf88363df327942283ec47e980cfd9ec9a156e43502,91c96c72c1e5d876e64f105311a9e85ecd55c8eeb9a66b30a430b9c1c180f75c
train/Capacete/9_jpg.rf.1b2dec28d42fd5e9475eefa408afcc29__obj001.png,Capacete,train,train/images/9_jpg.rf.1b2dec28d42fd5e9475eefa408afcc29.jpg,5f0d35b60ea6419be6d57cd998684542c85b63bcf12cde87b37afafa669a65d7,8ddf0aaae521ba7262ffd5aab614ee37ef7e06eace51234fc940921b6a3fc729,1,147,48,235,164,False,88,116,46fb90596cce35f72769fea277944c7c1f89b05e0831884649076598cc628d26,e9290aebd23a8fff4d4cc6b62a3207a4c1cd2200da33c469fde7f16306f1c262
train/Capacete/9_jpg.rf.1b2dec28d42fd5e9475eefa408afcc29__obj002.png,Capacete,train,train/images/9_jpg.rf.1b2dec28d42fd5e9475eefa408afcc29.jpg,5f0d35b60ea6419be6d57cd998684542c85b63bcf12cde87b37afafa669a65d7,8ddf0aaae521ba7262ffd5aab614ee37ef7e06eace51234fc940921b6a3fc729,2,254,58,308,132,False,54,74,c84c42e7784bb9a74680a47f6451b6d329c8972c84ba276a8f999ed9f4bd1197,cd63072167f8acc0f3c19395257285646ab906870b4e985f0868a141f51382db
train/Colete/9_jpg.rf.1b2dec28d42fd5e9475eefa408afcc29__obj003.png,Colete,train,train/images/9_jpg.rf.1b2dec28d42fd5e9475eefa408afcc29.jpg,5f0d35b60ea6419be6d57cd998684542c85b63bcf12cde87b37afafa669a65d7,8ddf0aaae521ba7262ffd5aab614ee37ef7e06eace51234fc940921b6a3fc729,3,125,196,259,549,False,134,353,83a9abe413336b83e0379a4d4b2fb851e659a16f43b02348846265fa1343e6bd,729d028f8615ac81acd5c2594a82d821845be43c32c6baf9a54becfcba7ef2ee
train/Pessoa/9_jpg.rf.1b2dec28d42fd5e9475eefa408afcc29__obj004.png,Pessoa,train,train/images/9_jpg.rf.1b2dec28d42fd5e9475eefa408afcc29.jpg,5f0d35b60ea6419be6d57cd998684542c85b63bcf12cde87b37afafa669a65d7,8ddf0aaae521ba7262ffd5aab614ee37ef7e06eace51234fc940921b6a3fc729,4,131,44,275,640,False,144,596,c7a8ae6ccab5fca8858d7c199cd0c4a9534759760b33d0fc2c6a80f5343403df,3bc0c33c66a23af993fcf562945255a7458355e163bfae69dfb306aa5c22bc35
train/Colete/9_jpg.rf.1b2dec28d42fd5e9475eefa408afcc29__obj005.png,Colete,train,train/images/9_jpg.rf.1b2dec28d42fd5e9475eefa408afcc29.jpg,5f0d35b60ea6419be6d57cd998684542c85b63bcf12cde87b37afafa669a65d7,8ddf0aaae521ba7262ffd5aab614ee37ef7e06eace51234fc940921b6a3fc729,5,235,158,302,309,False,67,151,55d5c9bb47f71e163a12dad103cb250c566cdaf1922571478a6e826b2e13621b,a2ea4d2b50449cf501b659138cca744f34d255c4a52c4925c16d5cbf55a47a3c
train/Pessoa/9_jpg.rf.1b2dec28d42fd5e9475eefa408afcc29__obj006.png,Pessoa,train,train/images/9_jpg.rf.1b2dec28d42fd5e9475eefa408afcc29.jpg,5f0d35b60ea6419be6d57cd998684542c85b63bcf12cde87b37afafa669a65d7,8ddf0aaae521ba7262ffd5aab614ee37ef7e06eace51234fc940921b6a3fc729,6,231,51,331,638,False,100,587,e8b155f0b4946639da13e160b3be21d512eb619d8f7e852592f383eea98f523a,f17ee8579d64d7b8fd04cec8db376f4b3ef4a6ee23ed95e1fee4fdc959207933
validation/Capacete/104_jpg.rf.07160590393870806b7e9c1259480d27__obj001.png,Capacete,validation,valid/images/104_jpg.rf.07160590393870806b7e9c1259480d27.jpg,a8a203febe3086966b5d899a7fa95f61ac0219d354d30aeac62f939fb3e9603d,19cc123872c33e222fa7cca755e85f12f64714cf338a42771191793f61a364dc,1,428,0,530,88,False,102,88,529d0e7fba5f2a98d53bbc99f23dd9f0d037f2bbdfa03dd59ae37b1a2859066b,78451af1ccf602d3e6e5d7c649003a90b8f998016e383f98a7e0fd4f283af4c4
validation/Colete/104_jpg.rf.07160590393870806b7e9c1259480d27__obj002.png,Colete,validation,valid/images/104_jpg.rf.07160590393870806b7e9c1259480d27.jpg,a8a203febe3086966b5d899a7fa95f61ac0219d354d30aeac62f939fb3e9603d,19cc123872c33e222fa7cca755e85f12f64714cf338a42771191793f61a364dc,2,415,146,609,551,False,194,405,6ae2bf477e5fb7197258724e85fdf952d5e6042e8994dff87323a6e0a010d620,1dfe91c52bff3f0843d26e824e92ee444099ce549f59492d6d674a8c676f01b5
validation/Pessoa/104_jpg.rf.07160590393870806b7e9c1259480d27__obj003.png,Pessoa,validation,valid/images/104_jpg.rf.07160590393870806b7e9c1259480d27.jpg,a8a203febe3086966b5d899a7fa95f61ac0219d354d30aeac62f939fb3e9603d,19cc123872c33e222fa7cca755e85f12f64714cf338a42771191793f61a364dc,3,332,2,634,638,False,302,636,eb3f3dfc2000835ac55a26ef57a5e5d28a9ac2f7a7efdafd8a3df6c4604213bf,f65f205bc3b9efa0df6342779d63579ea41bce3a3ad09afdaa5c6c87eb80d1f1
validation/Capacete/105_jpg.rf.6af2dea66e42c7dab320dd7fec781396__obj001.png,Capacete,validation,valid/images/105_jpg.rf.6af2dea66e42c7dab320dd7fec781396.jpg,f9de8a14a6d0a0b659c74bc363775d471fc3eb71a694fef55afadaa37d044e80,61bf9119bc7ea36686c687e9d11db20d81bc56f13b82bdc8f3e69872aae41ec7,1,217,11,599,181,False,382,170,efcadd4b371677e2ad4ff26e9a9440dbeadcf9567d0e7fafe8855c3f40496788,abccad4489fd58af6ba3fc213e1e967bec4491d57e17fb5d0355a2c88618adb9
validation/Pessoa/105_jpg.rf.6af2dea66e42c7dab320dd7fec781396__obj002.png,Pessoa,validation,valid/images/105_jpg.rf.6af2dea66e42c7dab320dd7fec781396.jpg,f9de8a14a6d0a0b659c74bc363775d471fc3eb71a694fef55afadaa37d044e80,61bf9119bc7ea36686c687e9d11db20d81bc56f13b82bdc8f3e69872aae41ec7,2,100,6,622,640,False,522,634,dae62a725d5807f69db87adbe8009ec92236481d1360468b93d8dd9bbb4c3e27,3cc88d010ac091985d34de65f8774d6739985176ffc3cbfb0059bc43beed0e3e
validation/Capacete/107_jpg.rf.95da030a92dc3d887ed4e091a2b09a2e__obj001.png,Capacete,validation,valid/images/107_jpg.rf.95da030a92dc3d887ed4e091a2b09a2e.jpg,4b21be801a86ff5c6a6d1abbf6894fb82de803aac0b2f90b0d9427205d58f7b6,f82d67f7ef8df7d7e37cacb0da7f5fdf9985ab56760f29813ef10c43f012b3b6,1,330,106,360,131,False,30,25,5937c91f10b0ef55520e2fe197d4da772366f0d8f6e772766fd649e1a9caf1db,b9e3744a99405fe046be2d3367c5f8e2f876b5d2d5400aea796305df697741fb
validation/Capacete/107_jpg.rf.95da030a92dc3d887ed4e091a2b09a2e__obj002.png,Capacete,validation,valid/images/107_jpg.rf.95da030a92dc3d887ed4e091a2b09a2e.jpg,4b21be801a86ff5c6a6d1abbf6894fb82de803aac0b2f90b0d9427205d58f7b6,f82d67f7ef8df7d7e37cacb0da7f5fdf9985ab56760f29813ef10c43f012b3b6,2,375,108,406,133,False,31,25,b58467569187041225154955f30813ac94f922f3723774c5c977875223f882c3,e02a935e6d65cfec14f70aea93ff4fe85f445e17bb91b6b3b1bb98d002455143
validation/Capacete/107_jpg.rf.95da030a92dc3d887ed4e091a2b09a2e__obj003.png,Capacete,validation,valid/images/107_jpg.rf.95da030a92dc3d887ed4e091a2b09a2e.jpg,4b21be801a86ff5c6a6d1abbf6894fb82de803aac0b2f90b0d9427205d58f7b6,f82d67f7ef8df7d7e37cacb0da7f5fdf9985ab56760f29813ef10c43f012b3b6,3,242,76,268,103,False,26,27,5d98a93ffaba0f16174b8555100643d99eca18f0f2ad8aad2991ac534fde1e96,0ea0ac12d967cf984ea85956ff2660f597790b279e4753a97060b36add0e3e48
validation/Colete/107_jpg.rf.95da030a92dc3d887ed4e091a2b09a2e__obj004.png,Colete,validation,valid/images/107_jpg.rf.95da030a92dc3d887ed4e091a2b09a2e.jpg,4b21be801a86ff5c6a6d1abbf6894fb82de803aac0b2f90b0d9427205d58f7b6,f82d67f7ef8df7d7e37cacb0da7f5fdf9985ab56760f29813ef10c43f012b3b6,4,324,138,350,227,False,26,89,9f81540ff30adb81130091868147204feba66ad8163d0c681783bf57d0fb3965,ba43623f7c799c280b102ac6b2e16353d7d78c9448424d3b43b0dcf4d812cce2
validation/Pessoa/107_jpg.rf.95da030a92dc3d887ed4e091a2b09a2e__obj005.png,Pessoa,validation,valid/images/107_jpg.rf.95da030a92dc3d887ed4e091a2b09a2e.jpg,4b21be801a86ff5c6a6d1abbf6894fb82de803aac0b2f90b0d9427205d58f7b6,f82d67f7ef8df7d7e37cacb0da7f5fdf9985ab56760f29813ef10c43f012b3b6,5,225,79,286,268,False,61,189,d0e526219058213370f64f5c50a96e49e9b1188032c85434eae742376aced1a0,70be0e40b5ecc2d544343b53c7ce25490d5ae1a464fd78113a62f5cf9d12873c
validation/Pessoa/107_jpg.rf.95da030a92dc3d887ed4e091a2b09a2e__obj006.png,Pessoa,validation,valid/images/107_jpg.rf.95da030a92dc3d887ed4e091a2b09a2e.jpg,4b21be801a86ff5c6a6d1abbf6894fb82de803aac0b2f90b0d9427205d58f7b6,f82d67f7ef8df7d7e37cacb0da7f5fdf9985ab56760f29813ef10c43f012b3b6,6,314,101,364,301,False,50,200,dfe5a5affb9fe649b09c7ea59b0ee08e0826b582a6a4d346f8f8a0cb57682795,68784932d8a2c9ad021a599e2b78cbbdc5d96fd9e02a66d34ca42eaf23db6ed5
validation/Pessoa/107_jpg.rf.95da030a92dc3d887ed4e091a2b09a2e__obj007.png,Pessoa,validation,valid/images/107_jpg.rf.95da030a92dc3d887ed4e091a2b09a2e.jpg,4b21be801a86ff5c6a6d1abbf6894fb82de803aac0b2f90b0d9427205d58f7b6,f82d67f7ef8df7d7e37cacb0da7f5fdf9985ab56760f29813ef10c43f012b3b6,7,352,98,408,309,False,56,211,eeb345890421bbb7d14dffdb4999bd0f1e11dbf899b499b50a54ee4af39914a3,7cf47bd12d6daf68b02b9c05aa53fdf00dae38ffb8c51fdb2e14cb27976004e0
validation/Capacete/112_jpg.rf.2eac94f483da013accb4490b2823a52b__obj001.png,Capacete,validation,valid/images/112_jpg.rf.2eac94f483da013accb4490b2823a52b.jpg,acdc03eb27c1dea8c09960e39f41dab47680b811f2c7ee23b3ba48cee8566a1f,c935b7461fa01df200f59b696de3d00eb514398f7aa43d30d6ff5559dda4d061,1,175,274,214,306,False,39,32,5431145e91da5c7016dd76f2e3f32c9a98ae9ee890433f726c178aaec761518c,7d49fb26b734a14516f1b3842ba1f221294990769ea13b9bd2ae8530d338c4d5
validation/Capacete/112_jpg.rf.2eac94f483da013accb4490b2823a52b__obj002.png,Capacete,validation,valid/images/112_jpg.rf.2eac94f483da013accb4490b2823a52b.jpg,acdc03eb27c1dea8c09960e39f41dab47680b811f2c7ee23b3ba48cee8566a1f,c935b7461fa01df200f59b696de3d00eb514398f7aa43d30d6ff5559dda4d061,2,242,275,284,311,False,42,36,6479b39c52d2d6da71036eae220ebdae36b50e565de6958889932f34c5ef6426,7aaf2b2dabce74264fbcb9c06fe4f6c19f503f22940effc14d04b51165a27bd9
validation/Capacete/112_jpg.rf.2eac94f483da013accb4490b2823a52b__obj003.png,Capacete,validation,valid/images/112_jpg.rf.2eac94f483da013accb4490b2823a52b.jpg,acdc03eb27c1dea8c09960e39f41dab47680b811f2c7ee23b3ba48cee8566a1f,c935b7461fa01df200f59b696de3d00eb514398f7aa43d30d6ff5559dda4d061,3,319,278,345,306,False,26,28,4ac60d628b93834e7b7306735cac21de52492c53443147ad11b57473bb905f12,17eba0fed8ead87d16470333a24a82999a124a73ee546a6d8c664698a3f17223
validation/Capacete/112_jpg.rf.2eac94f483da013accb4490b2823a52b__obj004.png,Capacete,validation,valid/images/112_jpg.rf.2eac94f483da013accb4490b2823a52b.jpg,acdc03eb27c1dea8c09960e39f41dab47680b811f2c7ee23b3ba48cee8566a1f,c935b7461fa01df200f59b696de3d00eb514398f7aa43d30d6ff5559dda4d061,4,350,281,382,319,False,32,38,e7f5c7df2fa78ec86055e00eabe49ac8970ef539aada996835139b70c005ff9c,299136626cee97fadc38f90e2179101f72006a25ce36b0302b15bb0a60ecf8d9
validation/Capacete/112_jpg.rf.2eac94f483da013accb4490b2823a52b__obj005.png,Capacete,validation,valid/images/112_jpg.rf.2eac94f483da013accb4490b2823a52b.jpg,acdc03eb27c1dea8c09960e39f41dab47680b811f2c7ee23b3ba48cee8566a1f,c935b7461fa01df200f59b696de3d00eb514398f7aa43d30d6ff5559dda4d061,5,402,271,436,316,False,34,45,ee31a872e89e4df2400590c44783b390010541a03b2f90beff7b1e6cabca19d3,a397b4d82d6af3f5b60ca35fc3d6bead364e4a851b2b5bde33098efcba241330
validation/Capacete/112_jpg.rf.2eac94f483da013accb4490b2823a52b__obj006.png,Capacete,validation,valid/images/112_jpg.rf.2eac94f483da013accb4490b2823a52b.jpg,acdc03eb27c1dea8c09960e39f41dab47680b811f2c7ee23b3ba48cee8566a1f,c935b7461fa01df200f59b696de3d00eb514398f7aa43d30d6ff5559dda4d061,6,470,263,500,311,False,30,48,9cc712bc18fec2991634c413749a14a319e442786f145b9659fbbac624b70516,eb9e0e610626750d5e8c75c73f7bfb3388c98f6fe02cae17815c7ad1b7f81734
validation/Colete/112_jpg.rf.2eac94f483da013accb4490b2823a52b__obj007.png,Colete,validation,valid/images/112_jpg.rf.2eac94f483da013accb4490b2823a52b.jpg,acdc03eb27c1dea8c09960e39f41dab47680b811f2c7ee23b3ba48cee8566a1f,c935b7461fa01df200f59b696de3d00eb514398f7aa43d30d6ff5559dda4d061,7,164,330,229,439,False,65,109,96b0284aa6a6398f6e0c1494a10493eb39eb8dc8ff426a85e687c1d864cd3a89,9e8116c36c6c85e18f5e0ba91ee65f95f0dac1a02f1b2f17da040a0d611b309c
validation/Colete/112_jpg.rf.2eac94f483da013accb4490b2823a52b__obj008.png,Colete,validation,valid/images/112_jpg.rf.2eac94f483da013accb4490b2823a52b.jpg,acdc03eb27c1dea8c09960e39f41dab47680b811f2c7ee23b3ba48cee8566a1f,c935b7461fa01df200f59b696de3d00eb514398f7aa43d30d6ff5559dda4d061,8,234,319,295,422,False,61,103,79798e97126074b1411cf2f9732f5144f1fa134f764db835c373de524bcdeace,da03750875268ff47e387b180adce08e334dfa0de260ceaa9db036f5f7a52a93
validation/Colete/112_jpg.rf.2eac94f483da013accb4490b2823a52b__obj009.png,Colete,validation,valid/images/112_jpg.rf.2eac94f483da013accb4490b2823a52b.jpg,acdc03eb27c1dea8c09960e39f41dab47680b811f2c7ee23b3ba48cee8566a1f,c935b7461fa01df200f59b696de3d00eb514398f7aa43d30d6ff5559dda4d061,9,295,328,380,433,False,85,105,16bf7083aab2b378a4493f29d11eee230bcedc390e589b8258a714bbc87fb761,a593771b526c2b44d4b33422c89c11fa841f20331af1550cd6ad01489e169c30
validation/Colete/112_jpg.rf.2eac94f483da013accb4490b2823a52b__obj010.png,Colete,validation,valid/images/112_jpg.rf.2eac94f483da013accb4490b2823a52b.jpg,acdc03eb27c1dea8c09960e39f41dab47680b811f2c7ee23b3ba48cee8566a1f,c935b7461fa01df200f59b696de3d00eb514398f7aa43d30d6ff5559dda4d061,10,372,325,438,445,False,66,120,ad4e5e3157777d53793d80fb78990d773f6fdad9cb5544c24f433760b4d40445,04dab16b3add0c51bedc285d8b8936f2717fdd7243c63087507296c386a01c6c
validation/Colete/112_jpg.rf.2eac94f483da013accb4490b2823a52b__obj011.png,Colete,validation,valid/images/112_jpg.rf.2eac94f483da013accb4490b2823a52b.jpg,acdc03eb27c1dea8c09960e39f41dab47680b811f2c7ee23b3ba48cee8566a1f,c935b7461fa01df200f59b696de3d00eb514398f7aa43d30d6ff5559dda4d061,11,454,311,510,426,False,56,115,0be22f3ee561979c28e847b8223e9f4874babb54b190780de9d4513ae5e78e7f,9091aebc3a193d074b21d36a516723713cb4cf86ab7800cc6cb2d74dc4857c2a
validation/Pessoa/112_jpg.rf.2eac94f483da013accb4490b2823a52b__obj012.png,Pessoa,validation,valid/images/112_jpg.rf.2eac94f483da013accb4490b2823a52b.jpg,acdc03eb27c1dea8c09960e39f41dab47680b811f2c7ee23b3ba48cee8566a1f,c935b7461fa01df200f59b696de3d00eb514398f7aa43d30d6ff5559dda4d061,12,155,274,245,622,False,90,348,1a46979741300b55d58a2a9972b838e3d0928fa6bebf24caee4e93bd92296dff,7129964959f2d7f5bee7005bac150f88fd80711a5ff18a395ce03d4207770172
validation/Pessoa/112_jpg.rf.2eac94f483da013accb4490b2823a52b__obj013.png,Pessoa,validation,valid/images/112_jpg.rf.2eac94f483da013accb4490b2823a52b.jpg,acdc03eb27c1dea8c09960e39f41dab47680b811f2c7ee23b3ba48cee8566a1f,c935b7461fa01df200f59b696de3d00eb514398f7aa43d30d6ff5559dda4d061,13,228,268,299,598,False,71,330,2d67df7860b12c9608a3988f3c28285bac5a4f00cc614fc3567df7ffec725e28,a94d67e90587cab713bd6767e7bab4dab323320ac6f3e25de2d0d8a9635a46e3
validation/Pessoa/112_jpg.rf.2eac94f483da013accb4490b2823a52b__obj014.png,Pessoa,validation,valid/images/112_jpg.rf.2eac94f483da013accb4490b2823a52b.jpg,acdc03eb27c1dea8c09960e39f41dab47680b811f2c7ee23b3ba48cee8566a1f,c935b7461fa01df200f59b696de3d00eb514398f7aa43d30d6ff5559dda4d061,14,300,279,390,639,False,90,360,2981b35e39af5cc8e2fd58ce62ba7edf113833d465446f09783dcb16aa0db25d,e7ff421d3fe2a6be6b08a932517c5c98433029e6f445c772c80eeaa35eeddfb4
validation/Pessoa/112_jpg.rf.2eac94f483da013accb4490b2823a52b__obj015.png,Pessoa,validation,valid/images/112_jpg.rf.2eac94f483da013accb4490b2823a52b.jpg,acdc03eb27c1dea8c09960e39f41dab47680b811f2c7ee23b3ba48cee8566a1f,c935b7461fa01df200f59b696de3d00eb514398f7aa43d30d6ff5559dda4d061,15,378,266,435,599,False,57,333,c26aa88bc9c42d90e8d336730e7767899a2c8547a9cf66596b54be42c8a26bef,6eb50b71b11615fb578e53fdee1112493e47a530c7f599a5d4105996e8c57ff5
validation/Pessoa/112_jpg.rf.2eac94f483da013accb4490b2823a52b__obj016.png,Pessoa,validation,valid/images/112_jpg.rf.2eac94f483da013accb4490b2823a52b.jpg,acdc03eb27c1dea8c09960e39f41dab47680b811f2c7ee23b3ba48cee8566a1f,c935b7461fa01df200f59b696de3d00eb514398f7aa43d30d6ff5559dda4d061,16,442,257,515,573,False,73,316,6503470de28bb82117ea13058cc4d95272c3e615cd7dcf01d21e79312496812a,b61ebeecdc5df1c87b1e6223c5cf0c37e004e0fdfedfd96d577ba486f4a3f2b3
validation/Capacete/112_jpg.rf.2eac94f483da013accb4490b2823a52b__obj017.png,Capacete,validation,valid/images/112_jpg.rf.2eac94f483da013accb4490b2823a52b.jpg,acdc03eb27c1dea8c09960e39f41dab47680b811f2c7ee23b3ba48cee8566a1f,c935b7461fa01df200f59b696de3d00eb514398f7aa43d30d6ff5559dda4d061,17,609,361,630,395,False,21,34,e76bce6b993aa4197e751c9c92160b417c9b4c8e3c2688857cca71cc296329d9,623f22c3c6db439e05ff802ac4098c98ad0af034080742f7c66584d1d15be6df
validation/Pessoa/112_jpg.rf.2eac94f483da013accb4490b2823a52b__obj018.png,Pessoa,validation,valid/images/112_jpg.rf.2eac94f483da013accb4490b2823a52b.jpg,acdc03eb27c1dea8c09960e39f41dab47680b811f2c7ee23b3ba48cee8566a1f,c935b7461fa01df200f59b696de3d00eb514398f7aa43d30d6ff5559dda4d061,18,580,354,636,450,False,56,96,9a294c03a75d36e62fc71f539782e913f11d1bfc4685abd926845064f8e254ac,4e14866e49f1586a3c8181c52005e3aae022d87fb49dc4784d4ec1f0a557f451
validation/Capacete/113_jpg.rf.10e7cf3c0ed08d8270027087cb78227e__obj001.png,Capacete,validation,valid/images/113_jpg.rf.10e7cf3c0ed08d8270027087cb78227e.jpg,acc1f2039f92ba9097621932b9b0269068ef4d72cd848ba3c215e2e9587527b6,ffd44c349169d7b0d032e200762148a92e185b59ca196aefbcc1ac62a254823a,1,140,12,225,114,False,85,102,f3207e16aebf56289a0599ce9bec35b4f6820194b786e81b023b7b8ee7b6e3ed,cbabdae9c7b29451efd5a590571dc5d6b6a8b629753c2c474f3805c4a46b083c
validation/Colete/113_jpg.rf.10e7cf3c0ed08d8270027087cb78227e__obj002.png,Colete,validation,valid/images/113_jpg.rf.10e7cf3c0ed08d8270027087cb78227e.jpg,acc1f2039f92ba9097621932b9b0269068ef4d72cd848ba3c215e2e9587527b6,ffd44c349169d7b0d032e200762148a92e185b59ca196aefbcc1ac62a254823a,2,77,186,285,567,False,208,381,c414903f83036afce98077a4b5c5b02435a9cc73368e55379299c90032249339,e10f4d97fb0b6c25298921ed853462edff0390543635469d8f8591631fd37fca
validation/Colete/113_jpg.rf.10e7cf3c0ed08d8270027087cb78227e__obj003.png,Colete,validation,valid/images/113_jpg.rf.10e7cf3c0ed08d8270027087cb78227e.jpg,acc1f2039f92ba9097621932b9b0269068ef4d72cd848ba3c215e2e9587527b6,ffd44c349169d7b0d032e200762148a92e185b59ca196aefbcc1ac62a254823a,3,414,178,591,554,False,177,376,f06824b20d4700b5944c62ed96a7911c4cfef7e4d032a58694d7a8fc990b580a,cbceba40cc32ad1f934cfbf0081cf7f2ac69816bd3bd483cce78948b10c971da
validation/Capacete/113_jpg.rf.10e7cf3c0ed08d8270027087cb78227e__obj004.png,Capacete,validation,valid/images/113_jpg.rf.10e7cf3c0ed08d8270027087cb78227e.jpg,acc1f2039f92ba9097621932b9b0269068ef4d72cd848ba3c215e2e9587527b6,ffd44c349169d7b0d032e200762148a92e185b59ca196aefbcc1ac62a254823a,4,443,9,540,107,False,97,98,6222e0ce70d6ed36ea38f72464c1846dde0cc0726dabd4ec0c81cf392ff0ed48,81d9bfe8c85d461fc2bfd084446ae150dcd862f6c0df6b5c47681cd6d9668e5d
validation/Pessoa/113_jpg.rf.10e7cf3c0ed08d8270027087cb78227e__obj005.png,Pessoa,validation,valid/images/113_jpg.rf.10e7cf3c0ed08d8270027087cb78227e.jpg,acc1f2039f92ba9097621932b9b0269068ef4d72cd848ba3c215e2e9587527b6,ffd44c349169d7b0d032e200762148a92e185b59ca196aefbcc1ac62a254823a,5,64,9,288,640,False,224,631,1c47baab5aa71632752d5892288491162cbc4d6dabbbf032cde9d9c58dbf4238,d88cdd3879ad3f874fb5a7517fd3895dc10f680c8917d2a423c525788fd35b10
validation/Pessoa/113_jpg.rf.10e7cf3c0ed08d8270027087cb78227e__obj006.png,Pessoa,validation,valid/images/113_jpg.rf.10e7cf3c0ed08d8270027087cb78227e.jpg,acc1f2039f92ba9097621932b9b0269068ef4d72cd848ba3c215e2e9587527b6,ffd44c349169d7b0d032e200762148a92e185b59ca196aefbcc1ac62a254823a,6,360,6,619,638,False,259,632,2ec8c3491178f6aba47620a0ca14872c956923088d6fff0e958b1df975dc177a,c79c9787ce2526cf401e107be1fbf7e8c18c0866adc8ca6be72e5505fd30b06f
validation/Capacete/115_jpg.rf.8ad6a5681f975522c15db71afb4bbdca__obj001.png,Capacete,validation,valid/images/115_jpg.rf.8ad6a5681f975522c15db71afb4bbdca.jpg,06513add211150de35ff92fa515a5b89b48807d4160daa877f5b762c74a12745,b725a44facfb8a9a06ae6e9ca428f6ae25714d139d474a72014f70a990891dc2,1,375,0,480,106,False,105,106,e44b5ad7e9e5814c2f485a897f447ab2a06626ce4ed6eda7f98e484c2e5e9b4a,91255723e29d42f42531474ec529d7503950a5ef35c790fb8ef9b190531e62e2
validation/Colete/115_jpg.rf.8ad6a5681f975522c15db71afb4bbdca__obj002.png,Colete,validation,valid/images/115_jpg.rf.8ad6a5681f975522c15db71afb4bbdca.jpg,06513add211150de35ff92fa515a5b89b48807d4160daa877f5b762c74a12745,b725a44facfb8a9a06ae6e9ca428f6ae25714d139d474a72014f70a990891dc2,2,409,107,593,465,False,184,358,4d2f309569c261fb6c1aba8e538304ce2569375c6045b6e797fc20a34c845475,17a6b34c3474b1c8ad59509c5d201cf317386952ab9bf83e25aa02ad1df2544b
validation/Pessoa/115_jpg.rf.8ad6a5681f975522c15db71afb4bbdca__obj003.png,Pessoa,validation,valid/images/115_jpg.rf.8ad6a5681f975522c15db71afb4bbdca.jpg,06513add211150de35ff92fa515a5b89b48807d4160daa877f5b762c74a12745,b725a44facfb8a9a06ae6e9ca428f6ae25714d139d474a72014f70a990891dc2,3,306,0,607,492,False,301,492,c5e0a68c3a4feb61c238c4857e7f07f0b14053347b7763650083ddc4d4f53dbf,513da6fddf655654c0bbcf73a3d107df1c8d13c14f182588324204dbe69c0ecf
validation/Capacete/119_jpg.rf.b639aa1704418c1216b38095e59075e2__obj001.png,Capacete,validation,valid/images/119_jpg.rf.b639aa1704418c1216b38095e59075e2.jpg,60138e769520efbc926fc9db40e2768784442944b24520df2987fec8458b531f,6de09f31b91b031aa94946de17696ea2f814a0d8985c6881be04c917f8c912a3,1,337,10,441,216,False,104,206,93f9c59755800915c87aeaf240881c0fb5c5c1a7e1df6504e1d9a19642946673,b1bc401c8cc08b3fd8f139f666f8102a970855188a1e3efdd25f29a7c3b0ec64
validation/Colete/119_jpg.rf.b639aa1704418c1216b38095e59075e2__obj002.png,Colete,validation,valid/images/119_jpg.rf.b639aa1704418c1216b38095e59075e2.jpg,60138e769520efbc926fc9db40e2768784442944b24520df2987fec8458b531f,6de09f31b91b031aa94946de17696ea2f814a0d8985c6881be04c917f8c912a3,2,295,64,508,283,False,213,219,57426cb8f052aa5cea31fc93ce88bf0818d54fadd8dcbec96f76f5d61f219cc4,f68f98df649fe5be53487ff24021f43da76ccaed9afbb5228a491b6f03fb2f68
validation/Pessoa/119_jpg.rf.b639aa1704418c1216b38095e59075e2__obj003.png,Pessoa,validation,valid/images/119_jpg.rf.b639aa1704418c1216b38095e59075e2.jpg,60138e769520efbc926fc9db40e2768784442944b24520df2987fec8458b531f,6de09f31b91b031aa94946de17696ea2f814a0d8985c6881be04c917f8c912a3,3,231,12,619,640,False,388,628,253ee21801fd08b7181519060231bce088956214225fcffdaabf8a82f3c939f8,64d4beb526cea50d87bfc36ae7c2c0062a6cccc58842cd7905e08a6d6e1c5ef1
validation/Capacete/17_jpg.rf.eb5b7f29373d9671d995951449a7f4ea__obj001.png,Capacete,validation,valid/images/17_jpg.rf.eb5b7f29373d9671d995951449a7f4ea.jpg,8ea4a908f3a3364ca0ee98d6cdac8fbac80ccca801b06dcd72fc6b2131c20510,07f8d483e8a81a2f2f03feb1e0a3d30953115daf8e9dffbaa53cf49dbc816ce3,1,70,3,640,298,False,570,295,0e400f44a4b011bcb769b335bc5eeab96b3312f8e57e8d2c98814be8a399e00c,bacea00dd927693f73f7fdc3ff8addeede678bda50896654868f2c40f92ccc1a
validation/Pessoa/17_jpg.rf.eb5b7f29373d9671d995951449a7f4ea__obj002.png,Pessoa,validation,valid/images/17_jpg.rf.eb5b7f29373d9671d995951449a7f4ea.jpg,8ea4a908f3a3364ca0ee98d6cdac8fbac80ccca801b06dcd72fc6b2131c20510,07f8d483e8a81a2f2f03feb1e0a3d30953115daf8e9dffbaa53cf49dbc816ce3,2,80,0,640,639,False,560,639,42ddad06cc0637e92d063e547604a44cc3d710b1a48d01a5aea6958254cfa025,a7e2284dd30de294f2820bff9e2573bd0673ffcf41e75e0dacaf86750418fff1
validation/Capacete/22_jpg.rf.86937258d496ac94167631d9725f102c__obj001.png,Capacete,validation,valid/images/22_jpg.rf.86937258d496ac94167631d9725f102c.jpg,2340604b673d3514deb9df4b2f32a37d6502704b6d8169494096c6ae304b1511,49b6bc148d88eba62b2585aa735985d08e9e2533b0a09a1fa89f52657dccd628,1,255,0,480,154,False,225,154,9a7634bbd9bc2994905aedbd65c041f9767be9afa913ec7e50ca9971527cd009,d7ac3dad24429f0c2bb650d8fe496f561b7cca5aab749a35880023c04b02665d
validation/Colete/22_jpg.rf.86937258d496ac94167631d9725f102c__obj002.png,Colete,validation,valid/images/22_jpg.rf.86937258d496ac94167631d9725f102c.jpg,2340604b673d3514deb9df4b2f32a37d6502704b6d8169494096c6ae304b1511,49b6bc148d88eba62b2585aa735985d08e9e2533b0a09a1fa89f52657dccd628,2,162,240,551,640,False,389,400,bdb230a0b91d0bc159929868bcee69f95411b3cb36ff564b3876cfdc2d0acb0b,207bedfa3f64acbdaa18db9e711c02510d85669538bcc6c6773bdfea8a6aeafe
validation/Pessoa/22_jpg.rf.86937258d496ac94167631d9725f102c__obj003.png,Pessoa,validation,valid/images/22_jpg.rf.86937258d496ac94167631d9725f102c.jpg,2340604b673d3514deb9df4b2f32a37d6502704b6d8169494096c6ae304b1511,49b6bc148d88eba62b2585aa735985d08e9e2533b0a09a1fa89f52657dccd628,3,39,0,573,639,False,534,639,20353ad41bb99e538fbb7eb16ff73d9fe7c7f239392f4659ef1fc67f46d7de28,a99574fd6a0caeb0954455ffb6cddc436d78d0668f0630fd91d70886fab7621e
validation/Capacete/2_jpg.rf.ea2bcccf4881d94586c626c2bd09f990__obj001.png,Capacete,validation,valid/images/2_jpg.rf.ea2bcccf4881d94586c626c2bd09f990.jpg,4207a9c6c268d61c37084b75a8f936e6da346d6c6122e260d7671f9984d38f08,c841ebb35cb2cd241e5c6bbad9ecfad05181cbb336fa115b9953c9f2d48f6282,1,144,121,218,193,False,74,72,44f84188b3c37b2a5b6e2a76965066ccaef98c3927f66c00e2cfa4cd411cf95a,fc4f3fa8cee54a3b483e60fa14072b183ed526994399c8e2ba48790b9069317e
validation/Capacete/2_jpg.rf.ea2bcccf4881d94586c626c2bd09f990__obj002.png,Capacete,validation,valid/images/2_jpg.rf.ea2bcccf4881d94586c626c2bd09f990.jpg,4207a9c6c268d61c37084b75a8f936e6da346d6c6122e260d7671f9984d38f08,c841ebb35cb2cd241e5c6bbad9ecfad05181cbb336fa115b9953c9f2d48f6282,2,407,166,477,241,False,70,75,a882533c257cd06cfea033d29092699c68d5ad8fde91f5660d42e9a6c1119e1b,af14edf6726ec81a009141db50fa35ef8a9570325b4904278f3da0b1dbfdc1a6
validation/Colete/2_jpg.rf.ea2bcccf4881d94586c626c2bd09f990__obj003.png,Colete,validation,valid/images/2_jpg.rf.ea2bcccf4881d94586c626c2bd09f990.jpg,4207a9c6c268d61c37084b75a8f936e6da346d6c6122e260d7671f9984d38f08,c841ebb35cb2cd241e5c6bbad9ecfad05181cbb336fa115b9953c9f2d48f6282,3,150,240,249,481,False,99,241,9df95aea34342faf9237af42c7340e50a38645be19c4bbadbf7ecd574881741a,4c4f37cc3808d53eb659eb4802934493d2877bcef820d1adff7638bbf32426ea
validation/Pessoa/2_jpg.rf.ea2bcccf4881d94586c626c2bd09f990__obj004.png,Pessoa,validation,valid/images/2_jpg.rf.ea2bcccf4881d94586c626c2bd09f990.jpg,4207a9c6c268d61c37084b75a8f936e6da346d6c6122e260d7671f9984d38f08,c841ebb35cb2cd241e5c6bbad9ecfad05181cbb336fa115b9953c9f2d48f6282,4,59,133,263,639,False,204,506,c7f142d27e26b0d2cd8f3e2062bf8fd78241cbc298ec46c2a66994cee4a2595d,72d92ceb1d164b600eb427f6c805e500a6ff5cf8c1ad252784bb55b666bc59c3
validation/Pessoa/2_jpg.rf.ea2bcccf4881d94586c626c2bd09f990__obj005.png,Pessoa,validation,valid/images/2_jpg.rf.ea2bcccf4881d94586c626c2bd09f990.jpg,4207a9c6c268d61c37084b75a8f936e6da346d6c6122e260d7671f9984d38f08,c841ebb35cb2cd241e5c6bbad9ecfad05181cbb336fa115b9953c9f2d48f6282,5,360,162,577,640,False,217,478,b83a3bdfda1239052411115a315d51089fa0a1535cab206cb2d19eca3787dead,e84ef6b43b3b27434faa8c691e0e09b793d1b3501c9acc09a64017d7a1089baf
validation/Capacete/35_jpg.rf.98a016ceb6b83fdb1607d609eea9f717__obj001.png,Capacete,validation,valid/images/35_jpg.rf.98a016ceb6b83fdb1607d609eea9f717.jpg,5589ae7f977a2dcbcd5be1c72e56baaed54a6f771cd7ac43fb65b460ad42866b,4abf6bfd2f5cb233d23220eca256b3725cbaf01703000d1165529995a3ab4459,1,37,0,111,50,False,74,50,3f428fe9ac19e54d8346e0262e373a589e3b6c3dbb21629e560da8e42fe57b3f,ae435f406216bf82f4f9c01a86da0f819cae74f266a595ef9a1a78aa150a8da8
validation/Capacete/35_jpg.rf.98a016ceb6b83fdb1607d609eea9f717__obj002.png,Capacete,validation,valid/images/35_jpg.rf.98a016ceb6b83fdb1607d609eea9f717.jpg,5589ae7f977a2dcbcd5be1c72e56baaed54a6f771cd7ac43fb65b460ad42866b,4abf6bfd2f5cb233d23220eca256b3725cbaf01703000d1165529995a3ab4459,2,156,8,231,105,False,75,97,4c30f173f317f7e8f6dbf796ed0186978cf6ef33d606ab2e0b5a6fc3110e7ddc,ee89299681d422590f004e121f4d77b69b478657e7fab930435796b9ad77f5c1
validation/Capacete/35_jpg.rf.98a016ceb6b83fdb1607d609eea9f717__obj003.png,Capacete,validation,valid/images/35_jpg.rf.98a016ceb6b83fdb1607d609eea9f717.jpg,5589ae7f977a2dcbcd5be1c72e56baaed54a6f771cd7ac43fb65b460ad42866b,4abf6bfd2f5cb233d23220eca256b3725cbaf01703000d1165529995a3ab4459,3,231,56,291,133,False,60,77,d4a408ce82eb7e4de3d4f75acd43913b2ac97993d8752301c9283ce9ac81bb63,38b83d7b6b51aa02faea26654e6c04411c01819360544e150e13aba71a209378
validation/Capacete/35_jpg.rf.98a016ceb6b83fdb1607d609eea9f717__obj004.png,Capacete,validation,valid/images/35_jpg.rf.98a016ceb6b83fdb1607d609eea9f717.jpg,5589ae7f977a2dcbcd5be1c72e56baaed54a6f771cd7ac43fb65b460ad42866b,4abf6bfd2f5cb233d23220eca256b3725cbaf01703000d1165529995a3ab4459,4,324,49,380,129,False,56,80,711283162a3abd4db80d7d31c44d3d700486b42a5c1c7447076f6bf164445dcc,ba820a3b0186b06ef621a48e1e07dc14d69e155b071d4cdc89a7b0e584b04f8d
validation/Capacete/35_jpg.rf.98a016ceb6b83fdb1607d609eea9f717__obj005.png,Capacete,validation,valid/images/35_jpg.rf.98a016ceb6b83fdb1607d609eea9f717.jpg,5589ae7f977a2dcbcd5be1c72e56baaed54a6f771cd7ac43fb65b460ad42866b,4abf6bfd2f5cb233d23220eca256b3725cbaf01703000d1165529995a3ab4459,5,365,8,428,86,False,63,78,f1eeabcc34a972b39ff6aaec1cffbe724276d3c958064796de8e2c52c7e356cf,b8dcb868d0b5c51e577b563ba59e557eb859be712b44e1f45b4d5db716016fd2
validation/Capacete/35_jpg.rf.98a016ceb6b83fdb1607d609eea9f717__obj006.png,Capacete,validation,valid/images/35_jpg.rf.98a016ceb6b83fdb1607d609eea9f717.jpg,5589ae7f977a2dcbcd5be1c72e56baaed54a6f771cd7ac43fb65b460ad42866b,4abf6bfd2f5cb233d23220eca256b3725cbaf01703000d1165529995a3ab4459,6,405,0,480,48,False,75,48,199877df5636b27bad3d2b8a19ef8d7bad1b18a061a3400686d3645d3daea31a,acb7377faa87151db65ada0644bf6091b537e31fa1244a8704e2e0e067dfa72c
validation/Capacete/35_jpg.rf.98a016ceb6b83fdb1607d609eea9f717__obj007.png,Capacete,validation,valid/images/35_jpg.rf.98a016ceb6b83fdb1607d609eea9f717.jpg,5589ae7f977a2dcbcd5be1c72e56baaed54a6f771cd7ac43fb65b460ad42866b,4abf6bfd2f5cb233d23220eca256b3725cbaf01703000d1165529995a3ab4459,7,475,72,540,146,False,65,74,c94993499358875160ecebdefa8ec6f1cfa49c5d0dd755a5e0a638f34e029879,27644c2ec55da2c0aa4b6c761f7a0feb48bd53eea5d3240d9791ddc5708bee5e
validation/Capacete/35_jpg.rf.98a016ceb6b83fdb1607d609eea9f717__obj008.png,Capacete,validation,valid/images/35_jpg.rf.98a016ceb6b83fdb1607d609eea9f717.jpg,5589ae7f977a2dcbcd5be1c72e56baaed54a6f771cd7ac43fb65b460ad42866b,4abf6bfd2f5cb233d23220eca256b3725cbaf01703000d1165529995a3ab4459,8,540,66,615,132,False,75,66,92bb49f02ef0dd715e0f5435b615417e04d76f3a8520f1beea9c9f6d58c305e7,809ca847a2a7baf9d472171ca88c331252be79ff043c8cc2eb890d21df4a05b4
validation/Pessoa/35_jpg.rf.98a016ceb6b83fdb1607d609eea9f717__obj009.png,Pessoa,validation,valid/images/35_jpg.rf.98a016ceb6b83fdb1607d609eea9f717.jpg,5589ae7f977a2dcbcd5be1c72e56baaed54a6f771cd7ac43fb65b460ad42866b,4abf6bfd2f5cb233d23220eca256b3725cbaf01703000d1165529995a3ab4459,9,0,0,145,638,False,145,638,d92bb471f3a12fb3380a98b62b3052cf0c2165fcf11540d6b03c386594c2d023,1d463d639b4d5975be47af2e37669bf9d1467bcf17dc4c392dec2e635a7b9f8c
validation/Pessoa/35_jpg.rf.98a016ceb6b83fdb1607d609eea9f717__obj010.png,Pessoa,validation,valid/images/35_jpg.rf.98a016ceb6b83fdb1607d609eea9f717.jpg,5589ae7f977a2dcbcd5be1c72e56baaed54a6f771cd7ac43fb65b460ad42866b,4abf6bfd2f5cb233d23220eca256b3725cbaf01703000d1165529995a3ab4459,10,110,10,259,639,False,149,629,8f7bb4ac08dd564714adf4e344f02788d44135823cde4fdf30920c8c36bb8dd7,4b83408534ed69fff23bd2857dea9d730523a4bc69ff6c96ae6c6ab386b72c90
validation/Pessoa/35_jpg.rf.98a016ceb6b83fdb1607d609eea9f717__obj011.png,Pessoa,validation,valid/images/35_jpg.rf.98a016ceb6b83fdb1607d609eea9f717.jpg,5589ae7f977a2dcbcd5be1c72e56baaed54a6f771cd7ac43fb65b460ad42866b,4abf6bfd2f5cb233d23220eca256b3725cbaf01703000d1165529995a3ab4459,11,217,55,326,639,False,109,584,e309956f35bbbceb699ed321fb6757b1b50ba5232f2573d08b8946942cfb0b09,a1faf0060ad62e76f1e32e2a74a311479d7389babdf2e221b118b2f3d30e8cde
validation/Pessoa/35_jpg.rf.98a016ceb6b83fdb1607d609eea9f717__obj012.png,Pessoa,validation,valid/images/35_jpg.rf.98a016ceb6b83fdb1607d609eea9f717.jpg,5589ae7f977a2dcbcd5be1c72e56baaed54a6f771cd7ac43fb65b460ad42866b,4abf6bfd2f5cb233d23220eca256b3725cbaf01703000d1165529995a3ab4459,12,337,6,481,640,False,144,634,6563d5570323bffbe11c2f1e7f456ed5b0ef35e07a19518d55120a247a1015c5,2172241a252ae3c8144a0969adbb2cc3c61e30f78a5febd6ae6670b09da255df
validation/Pessoa/35_jpg.rf.98a016ceb6b83fdb1607d609eea9f717__obj013.png,Pessoa,validation,valid/images/35_jpg.rf.98a016ceb6b83fdb1607d609eea9f717.jpg,5589ae7f977a2dcbcd5be1c72e56baaed54a6f771cd7ac43fb65b460ad42866b,4abf6bfd2f5cb233d23220eca256b3725cbaf01703000d1165529995a3ab4459,13,466,77,583,640,False,117,563,5bb601c6f9a382c02613ffeceb07ef64e0321321a253639fdf316a3a4e7a7b67,478aaf666005f65dae9c2dac506f55fdcc169a1af00ecde5c2d5a1d088726695
validation/Pessoa/35_jpg.rf.98a016ceb6b83fdb1607d609eea9f717__obj014.png,Pessoa,validation,valid/images/35_jpg.rf.98a016ceb6b83fdb1607d609eea9f717.jpg,5589ae7f977a2dcbcd5be1c72e56baaed54a6f771cd7ac43fb65b460ad42866b,4abf6bfd2f5cb233d23220eca256b3725cbaf01703000d1165529995a3ab4459,14,541,69,640,640,False,99,571,6764a0cea45ece1ca22242b628bae5cab6a75f9f2d31ad7f8eecac63684d8cf4,4a9dcd376aabd5e7456211ab907402ee832625b7989a0d34b109e7f2055fd414
validation/Capacete/38_jpg.rf.d7197eccbabcf3b280b9529fc1dffd1a__obj001.png,Capacete,validation,valid/images/38_jpg.rf.d7197eccbabcf3b280b9529fc1dffd1a.jpg,a0febf7d246da9428e77ac476a28abd0b70d979503fbad41b399cc243ce78790,17ea788b05e35ab04bda1d5e0096efbf31683ae85646ef25a8d5de42545a1858,1,396,40,492,118,False,96,78,1b69514bddfcaac81b5c8b89a4ea25aa00dc78a881746eaf56d96905518447fd,9ac44b980965f95bb6df80513657e9d11e36de985da6ebefb2a728fffc1b40b4
validation/Colete/38_jpg.rf.d7197eccbabcf3b280b9529fc1dffd1a__obj002.png,Colete,validation,valid/images/38_jpg.rf.d7197eccbabcf3b280b9529fc1dffd1a.jpg,a0febf7d246da9428e77ac476a28abd0b70d979503fbad41b399cc243ce78790,17ea788b05e35ab04bda1d5e0096efbf31683ae85646ef25a8d5de42545a1858,2,365,171,510,439,False,145,268,e4452dd8e1c771bbf3bd6ba227266913c6b9f5a4b2a26078d697b693ed053a57,9027b38e9f2044eefa7ffa12cfda6acddde78ba412afaebd16f5dcc1b927c309
validation/Pessoa/38_jpg.rf.d7197eccbabcf3b280b9529fc1dffd1a__obj003.png,Pessoa,validation,valid/images/38_jpg.rf.d7197eccbabcf3b280b9529fc1dffd1a.jpg,a0febf7d246da9428e77ac476a28abd0b70d979503fbad41b399cc243ce78790,17ea788b05e35ab04bda1d5e0096efbf31683ae85646ef25a8d5de42545a1858,3,337,35,553,577,False,216,542,945d02ecd453def79efa5dd246b28e62f45ff98825cf39409db2f1d7780c504b,81ed66e38e8ceb0989fecd9ff3a13db060295651f0b3302c7577328ca4e7dc68
validation/Capacete/41_jpg.rf.d24122b655776ec6ecb99a643a4f0642__obj001.png,Capacete,validation,valid/images/41_jpg.rf.d24122b655776ec6ecb99a643a4f0642.jpg,567e1630384a092ab6dc68273060979aa436a8967c46dd48df79730c9de63098,bef7d5fe15474f424ffcf351617436b8289491c9d099c83ce1652642ccd760aa,1,44,209,149,290,False,105,81,df9b8ad6f456b77d7537b97bb71393a2f6f76a60bbdf8752d9dcb6d6c3c1e413,20088d4fc0493af4b271f01a489a6280222811430ac0d17c21c445f4e1cabd17
validation/Capacete/41_jpg.rf.d24122b655776ec6ecb99a643a4f0642__obj002.png,Capacete,validation,valid/images/41_jpg.rf.d24122b655776ec6ecb99a643a4f0642.jpg,567e1630384a092ab6dc68273060979aa436a8967c46dd48df79730c9de63098,bef7d5fe15474f424ffcf351617436b8289491c9d099c83ce1652642ccd760aa,2,291,204,395,279,False,104,75,0ff768fde6ea9fb2332b4bedbab564bfc250af97bd1489e3fdaaec33d110d9a2,6a169c283cfc435936f642531665253aa5fe9edcfab179137c5f219a34150976
validation/Pessoa/41_jpg.rf.d24122b655776ec6ecb99a643a4f0642__obj003.png,Pessoa,validation,valid/images/41_jpg.rf.d24122b655776ec6ecb99a643a4f0642.jpg,567e1630384a092ab6dc68273060979aa436a8967c46dd48df79730c9de63098,bef7d5fe15474f424ffcf351617436b8289491c9d099c83ce1652642ccd760aa,3,7,214,245,433,False,238,219,a7b79fad6e2af9af6aa6d5c9d4fef499575074f479acc6b45e0c59486cb0f969,7337db591ac99c5025042463eee71a16608ee6ada8d59b55cbe1d331257ae27f
validation/Pessoa/41_jpg.rf.d24122b655776ec6ecb99a643a4f0642__obj004.png,Pessoa,validation,valid/images/41_jpg.rf.d24122b655776ec6ecb99a643a4f0642.jpg,567e1630384a092ab6dc68273060979aa436a8967c46dd48df79730c9de63098,bef7d5fe15474f424ffcf351617436b8289491c9d099c83ce1652642ccd760aa,4,255,212,462,453,False,207,241,ec903ce7441c6dc55453f79ba316f1e24af18415b90b1fcc11dc7ce92756453a,9c746e4a6a29cfb6b8a27a63fc8f9df624ec4eb377fc41a7ad22f662ce82e710
validation/Capacete/57_jpg.rf.a2dd79d22924fec612d517f5b9acb21e__obj001.png,Capacete,validation,valid/images/57_jpg.rf.a2dd79d22924fec612d517f5b9acb21e.jpg,51eb9a7c9d90677a8dcbf569791bdf56734796b1c095fd6dba80d2b0dca0fc18,8b0950448cd7e51ac0012828c06be16f28d40fa30f948f431cd5dca55152b3c5,1,0,29,130,202,False,130,173,dfe7a25a9a499b0465f4f30f7512df223bc01d0ed771c8a41703a7220f047b9f,d0b1ed0386204a1f3617a3d4eb2820ae9f5424b6b979eedb299d8326f95b612c
validation/Capacete/57_jpg.rf.a2dd79d22924fec612d517f5b9acb21e__obj002.png,Capacete,validation,valid/images/57_jpg.rf.a2dd79d22924fec612d517f5b9acb21e.jpg,51eb9a7c9d90677a8dcbf569791bdf56734796b1c095fd6dba80d2b0dca0fc18,8b0950448cd7e51ac0012828c06be16f28d40fa30f948f431cd5dca55152b3c5,2,159,35,388,204,False,229,169,9588dc8c9271e73c4ea47c654cc435df5750a8c6e78c90934649abbb3bd6b993,8add580592fc750e764241b2dc81bea9315a0ae7c465ed5a20456e63108c197e
validation/Capacete/57_jpg.rf.a2dd79d22924fec612d517f5b9acb21e__obj003.png,Capacete,validation,valid/images/57_jpg.rf.a2dd79d22924fec612d517f5b9acb21e.jpg,51eb9a7c9d90677a8dcbf569791bdf56734796b1c095fd6dba80d2b0dca0fc18,8b0950448cd7e51ac0012828c06be16f28d40fa30f948f431cd5dca55152b3c5,3,355,68,528,238,False,173,170,2879e4dc11c117d4764df242175a923c6b5aee757fbf7b21af014f1a6f7d184b,8a1d25b530a6c0ceaf891fafb0f9f3917157b20080b94f15be57d783cb640836
validation/Capacete/57_jpg.rf.a2dd79d22924fec612d517f5b9acb21e__obj004.png,Capacete,validation,valid/images/57_jpg.rf.a2dd79d22924fec612d517f5b9acb21e.jpg,51eb9a7c9d90677a8dcbf569791bdf56734796b1c095fd6dba80d2b0dca0fc18,8b0950448cd7e51ac0012828c06be16f28d40fa30f948f431cd5dca55152b3c5,4,581,46,640,183,False,59,137,c87d92586eb3f8f5bb44de46c69f695250aedc69cb224c9129978821e20fb25b,be3dfdac93ce5672abb013ee3d8d7567f5d3658c3fcab5c076dd343c1428f8f2
validation/Pessoa/57_jpg.rf.a2dd79d22924fec612d517f5b9acb21e__obj005.png,Pessoa,validation,valid/images/57_jpg.rf.a2dd79d22924fec612d517f5b9acb21e.jpg,51eb9a7c9d90677a8dcbf569791bdf56734796b1c095fd6dba80d2b0dca0fc18,8b0950448cd7e51ac0012828c06be16f28d40fa30f948f431cd5dca55152b3c5,5,1,30,195,640,False,194,610,d2a334ce2099988e27de450dcf6d6dca53e542db8ffbbdd886edead3d36478bd,7c17965b3b92705e74587eec23f064fdf3908ba5b11bda2a96a6aa48f65ffc27
validation/Pessoa/57_jpg.rf.a2dd79d22924fec612d517f5b9acb21e__obj006.png,Pessoa,validation,valid/images/57_jpg.rf.a2dd79d22924fec612d517f5b9acb21e.jpg,51eb9a7c9d90677a8dcbf569791bdf56734796b1c095fd6dba80d2b0dca0fc18,8b0950448cd7e51ac0012828c06be16f28d40fa30f948f431cd5dca55152b3c5,6,30,32,592,640,False,562,608,6ee03c06efee8eef51081106a040aa15ebe88b4e3e44b748c9a0bb19e986eeed,90be8feb337143673d17a2b3044ab91edd42f38c956aee2ec3919c526e77768a
validation/Pessoa/57_jpg.rf.a2dd79d22924fec612d517f5b9acb21e__obj007.png,Pessoa,validation,valid/images/57_jpg.rf.a2dd79d22924fec612d517f5b9acb21e.jpg,51eb9a7c9d90677a8dcbf569791bdf56734796b1c095fd6dba80d2b0dca0fc18,8b0950448cd7e51ac0012828c06be16f28d40fa30f948f431cd5dca55152b3c5,7,360,70,640,640,False,280,570,fb6a3b379a4056c1348295478544293106f2d90f8b8582c8066c1a0b2c6a92ea,971194aaef8748cd1b685841f1e1aa3463c1dac4d1aa8c910a3d969af49f9f69
validation/Pessoa/57_jpg.rf.a2dd79d22924fec612d517f5b9acb21e__obj008.png,Pessoa,validation,valid/images/57_jpg.rf.a2dd79d22924fec612d517f5b9acb21e.jpg,51eb9a7c9d90677a8dcbf569791bdf56734796b1c095fd6dba80d2b0dca0fc18,8b0950448cd7e51ac0012828c06be16f28d40fa30f948f431cd5dca55152b3c5,8,508,43,640,416,False,132,373,636ec3464442fc914fdff9b64c12de32c93ef78fcd9ffe1374cda190753d2b9c,b2bfda4c46d994f8dd3ce61b3bc66158db153504aac54314c22222cf75683e5a
validation/Colete/57_jpg.rf.a2dd79d22924fec612d517f5b9acb21e__obj009.png,Colete,validation,valid/images/57_jpg.rf.a2dd79d22924fec612d517f5b9acb21e.jpg,51eb9a7c9d90677a8dcbf569791bdf56734796b1c095fd6dba80d2b0dca0fc18,8b0950448cd7e51ac0012828c06be16f28d40fa30f948f431cd5dca55152b3c5,9,95,322,496,640,False,401,318,449edddb29a8843d7e93eef8f7307c1f493d4b0bc3305765e1701fc5d0ed3b68,2037d4f990e8c907ba8531497c883cd0d17423cfe8c0f66c7a3c56ae3d0b985a
validation/Colete/57_jpg.rf.a2dd79d22924fec612d517f5b9acb21e__obj010.png,Colete,validation,valid/images/57_jpg.rf.a2dd79d22924fec612d517f5b9acb21e.jpg,51eb9a7c9d90677a8dcbf569791bdf56734796b1c095fd6dba80d2b0dca0fc18,8b0950448cd7e51ac0012828c06be16f28d40fa30f948f431cd5dca55152b3c5,10,0,270,154,640,False,154,370,f3496130934a7edcdb51b863baa9154b4ccfe021c3814719d955aeb52f3c25bb,7b5588e629d85dcfe00b068136a1e415c1d32c5f6232d2164c4299d92ac39de8
validation/Colete/57_jpg.rf.a2dd79d22924fec612d517f5b9acb21e__obj011.png,Colete,validation,valid/images/57_jpg.rf.a2dd79d22924fec612d517f5b9acb21e.jpg,51eb9a7c9d90677a8dcbf569791bdf56734796b1c095fd6dba80d2b0dca0fc18,8b0950448cd7e51ac0012828c06be16f28d40fa30f948f431cd5dca55152b3c5,11,550,217,639,453,False,89,236,5e7a5c2b7a2491c98093410a19cfe9db60e1b1125b2b0b55b341862452cd0a2a,198337d92072fd7630f4bed71a9a3e9e716af80bbe6f12ca0f2621a8717a34f9
validation/Capacete/58_jpg.rf.23ded284390154000d3b9c6c3cbfcd32__obj001.png,Capacete,validation,valid/images/58_jpg.rf.23ded284390154000d3b9c6c3cbfcd32.jpg,e261932ec1aa4fd2bd63d743c0f5b205917a6f3d360e48d2408a0f340180574b,ae93cd7cecf9500902c6b85a4d37966e2d2716ee94ff76aa28cb5854069cf579,1,340,239,408,299,False,68,60,924acf4cf1e6d2c35a87c7819e732079762aa7ee678f9f6471ef1c96f8329617,8deba7c2f69853e312f81a0aa2503b00e58a9a23ab5de8d40f1fd4b3c66b1481
validation/Capacete/58_jpg.rf.23ded284390154000d3b9c6c3cbfcd32__obj002.png,Capacete,validation,valid/images/58_jpg.rf.23ded284390154000d3b9c6c3cbfcd32.jpg,e261932ec1aa4fd2bd63d743c0f5b205917a6f3d360e48d2408a0f340180574b,ae93cd7cecf9500902c6b85a4d37966e2d2716ee94ff76aa28cb5854069cf579,2,475,143,558,213,False,83,70,3b35dca71938b300d0cd414ab2d4c789326a8781eb7bb51a7c9185c6d0eeff47,41c442084d22682f19bbcadd75e24b238605ca1b536f6e43ce71e0e33c41b4cf
validation/Pessoa/58_jpg.rf.23ded284390154000d3b9c6c3cbfcd32__obj003.png,Pessoa,validation,valid/images/58_jpg.rf.23ded284390154000d3b9c6c3cbfcd32.jpg,e261932ec1aa4fd2bd63d743c0f5b205917a6f3d360e48d2408a0f340180574b,ae93cd7cecf9500902c6b85a4d37966e2d2716ee94ff76aa28cb5854069cf579,3,265,238,437,512,False,172,274,f12b3e7af10611a49f50ec5bb340eeeaef678ddec92dcbe58d02caae588a82f2,2d97eee893e990c02765402378f2fa014d1e073c2952f20bb11605ce4451c695
validation/Pessoa/58_jpg.rf.23ded284390154000d3b9c6c3cbfcd32__obj004.png,Pessoa,validation,valid/images/58_jpg.rf.23ded284390154000d3b9c6c3cbfcd32.jpg,e261932ec1aa4fd2bd63d743c0f5b205917a6f3d360e48d2408a0f340180574b,ae93cd7cecf9500902c6b85a4d37966e2d2716ee94ff76aa28cb5854069cf579,4,426,138,614,442,False,188,304,685e262aef4c8645eda34596330f9b50a2addd4f5d4bbc77ee27ab66afbc2693,9cecb7af75b2fa8cae8113e5d1ab4c39932d68c1f895e7973a1c3d03f5fff5c1
validation/Colete/58_jpg.rf.23ded284390154000d3b9c6c3cbfcd32__obj005.png,Colete,validation,valid/images/58_jpg.rf.23ded284390154000d3b9c6c3cbfcd32.jpg,e261932ec1aa4fd2bd63d743c0f5b205917a6f3d360e48d2408a0f340180574b,ae93cd7cecf9500902c6b85a4d37966e2d2716ee94ff76aa28cb5854069cf579,5,264,298,415,443,False,151,145,0bba9a87bcf35a8a9e84b81d4f827a33f5a635d38e52f40497bc61beb8e24530,1182d90fe426eb61e6a17866f61cc337765387e04c5b9135154a8bee1762b1e6
validation/Capacete/59_jpg.rf.35ad1129ed303b7420702efa1620b39d__obj001.png,Capacete,validation,valid/images/59_jpg.rf.35ad1129ed303b7420702efa1620b39d.jpg,a69bc95a5f1e0f6de0bd7a6d7baa7d80c825b9171cc2e0f0dd6386e2318854c2,3b61e04125b47f97fd3b4c244dfa1e83d310b614be910fffa45a7f10b31c69de,1,322,76,420,204,False,98,128,c23762e451c7ce8fec83d37748f20037a9f4ef733dcfdc8cd886b363e4f56a18,1c8717c36b6ab8d03bc2d776019b27d04173661ae225e538832972805d1a426c
validation/Capacete/59_jpg.rf.35ad1129ed303b7420702efa1620b39d__obj002.png,Capacete,validation,valid/images/59_jpg.rf.35ad1129ed303b7420702efa1620b39d.jpg,a69bc95a5f1e0f6de0bd7a6d7baa7d80c825b9171cc2e0f0dd6386e2318854c2,3b61e04125b47f97fd3b4c244dfa1e83d310b614be910fffa45a7f10b31c69de,2,402,7,538,138,False,136,131,32510e7cbf01583b4bc5a1c70f28a041a11503875768f0ff8ffbff75e62f11f0,1f03aeba855556082113b138e4cb34d075f8bfc4e61de52ee4326c81232ec7ed
validation/Pessoa/59_jpg.rf.35ad1129ed303b7420702efa1620b39d__obj003.png,Pessoa,validation,valid/images/59_jpg.rf.35ad1129ed303b7420702efa1620b39d.jpg,a69bc95a5f1e0f6de0bd7a6d7baa7d80c825b9171cc2e0f0dd6386e2318854c2,3b61e04125b47f97fd3b4c244dfa1e83d310b614be910fffa45a7f10b31c69de,3,222,72,447,640,False,225,568,e42ada48fdf0a0629dd261db86ddd8d1366e0c27a65fdb8ce51da3e1db83e203,736fcab0a79995d49437d8a836ffb63cd49607b6cf3b465cee02dcd43834b7fe
validation/Pessoa/59_jpg.rf.35ad1129ed303b7420702efa1620b39d__obj004.png,Pessoa,validation,valid/images/59_jpg.rf.35ad1129ed303b7420702efa1620b39d.jpg,a69bc95a5f1e0f6de0bd7a6d7baa7d80c825b9171cc2e0f0dd6386e2318854c2,3b61e04125b47f97fd3b4c244dfa1e83d310b614be910fffa45a7f10b31c69de,4,316,11,618,638,False,302,627,a3fb4ad8d6ab3b6c4623c3f2e2a525ee20c8cded48514b987e22fbeff757391d,a8c207b8939df6adc3073b15ad1c7cbf97e28a6d30dd349871012837fc516b3f
validation/Capacete/66_jpg.rf.7b4a3efe38f00a43c4b0ac8aaa20054a__obj001.png,Capacete,validation,valid/images/66_jpg.rf.7b4a3efe38f00a43c4b0ac8aaa20054a.jpg,26e724898a655e9bd24879b0370cececd754560deb09fbec070f9d028f38d190,8b59fdeccc274327087b1405f6495ca2d150941899f316e46d526e326bfbfc32,1,177,133,307,270,False,130,137,b16cdea437eaf25b3c9fc6de49b3e3aa4a370072603d220864345fae303f6027,37fa9f7cb5fceb7988b4ff3f29925f7404b4a0de91b021980c7e1327dd748806
validation/Capacete/66_jpg.rf.7b4a3efe38f00a43c4b0ac8aaa20054a__obj002.png,Capacete,validation,valid/images/66_jpg.rf.7b4a3efe38f00a43c4b0ac8aaa20054a.jpg,26e724898a655e9bd24879b0370cececd754560deb09fbec070f9d028f38d190,8b59fdeccc274327087b1405f6495ca2d150941899f316e46d526e326bfbfc32,2,317,58,449,193,False,132,135,d02d06b6f61e89f9c3d6927a7da4fbe7e9144f52f6ba3b5554496eaee73fbf2a,bcffca80a3f938970d5ec77a5c2850c53279da67b1622e80dbbf936657f15824
validation/Pessoa/66_jpg.rf.7b4a3efe38f00a43c4b0ac8aaa20054a__obj003.png,Pessoa,validation,valid/images/66_jpg.rf.7b4a3efe38f00a43c4b0ac8aaa20054a.jpg,26e724898a655e9bd24879b0370cececd754560deb09fbec070f9d028f38d190,8b59fdeccc274327087b1405f6495ca2d150941899f316e46d526e326bfbfc32,3,87,135,330,640,False,243,505,5261c7b3948c77ae88a762e0b0620aadafaa1e6f5efa5c08d7f52d6aa0f56017,6887ae45a43e77a773df2c134608c7fbb7e4093848e1ad1c33be535fd9e7ec56
validation/Pessoa/66_jpg.rf.7b4a3efe38f00a43c4b0ac8aaa20054a__obj004.png,Pessoa,validation,valid/images/66_jpg.rf.7b4a3efe38f00a43c4b0ac8aaa20054a.jpg,26e724898a655e9bd24879b0370cececd754560deb09fbec070f9d028f38d190,8b59fdeccc274327087b1405f6495ca2d150941899f316e46d526e326bfbfc32,4,283,77,540,638,False,257,561,8e59f73a2f51069b2b849067238f4bccd10b4a16c0404658cba83bb2fd5ec0cc,acab3cb32136568560cb53391342a9f24a3ab139be72d74f55a94af0fca31f27
validation/Colete/6_jpg.rf.040f7383eff5637a7a86c63fceb081da__obj001.png,Colete,validation,valid/images/6_jpg.rf.040f7383eff5637a7a86c63fceb081da.jpg,f0ef212c6de6b93dda41bf6a198db7f5d4626c53e234a86e747c24b0b526879e,964c5d900960e967b4149f3e7fc65fdf88228b1b39cfb260900cfc1785f44dd5,1,260,286,448,639,False,188,353,8ad5bb2a99809760142ac228d21b7390eff2692eba840c577adf698fadfdc8db,4954c6cad7d3ff601789c3ca527ee85276ce31f811e92247a2f5bad62e2a3246
validation/Pessoa/6_jpg.rf.040f7383eff5637a7a86c63fceb081da__obj002.png,Pessoa,validation,valid/images/6_jpg.rf.040f7383eff5637a7a86c63fceb081da.jpg,f0ef212c6de6b93dda41bf6a198db7f5d4626c53e234a86e747c24b0b526879e,964c5d900960e967b4149f3e7fc65fdf88228b1b39cfb260900cfc1785f44dd5,2,260,49,487,640,False,227,591,8be7ce1723f2a2757ed12c38716b9c3e1dc63d45c27895dafc414eeb151ee955,48a65268585063f1f99470cfffafa94e2faadb4a1a20a1f1aa3aa06ab4ba4bed
validation/Capacete/98_jpg.rf.6964640d44002d5e244959bff52e5d99__obj001.png,Capacete,validation,valid/images/98_jpg.rf.6964640d44002d5e244959bff52e5d99.jpg,9c5d88eccb9b9ba99c83bfff36b7416c7b42e453fadc0cf0a614cdbd7fcafc2e,85a82cc76bc7c4c56757c43b2a1b45bc02bf614d1538363e07d48df699e58342,1,162,9,342,159,False,180,150,d5d34795a960dc5e29fbac2cb7f540e51e868a1ed59d53bdc8facd2ce0f1a5d9,b4b7802b6c1f770c177325e85d8d57fe73af121e1454bbead8f69602633538fe
validation/Capacete/98_jpg.rf.6964640d44002d5e244959bff52e5d99__obj002.png,Capacete,validation,valid/images/98_jpg.rf.6964640d44002d5e244959bff52e5d99.jpg,9c5d88eccb9b9ba99c83bfff36b7416c7b42e453fadc0cf0a614cdbd7fcafc2e,85a82cc76bc7c4c56757c43b2a1b45bc02bf614d1538363e07d48df699e58342,2,365,80,514,212,False,149,132,96997553a7eeb8582f69bc6bef4459ddb3de890e6cfba4b9ce04c674512e9c4e,1215414b3fac100d91e8a3634cbd2f706eefce2aa8f748acf0bb58208263170d
validation/Colete/98_jpg.rf.6964640d44002d5e244959bff52e5d99__obj003.png,Colete,validation,valid/images/98_jpg.rf.6964640d44002d5e244959bff52e5d99.jpg,9c5d88eccb9b9ba99c83bfff36b7416c7b42e453fadc0cf0a614cdbd7fcafc2e,85a82cc76bc7c4c56757c43b2a1b45bc02bf614d1538363e07d48df699e58342,3,305,231,623,639,False,318,408,7583450ddc03d15f2951608ab83b3cdcfda1124bb4172354149704ba0195aba9,8e4501248b5fa3e61dcd4f1aeabdd17e8889dfaaedea784a5a837bdbce81fb09
validation/Colete/98_jpg.rf.6964640d44002d5e244959bff52e5d99__obj004.png,Colete,validation,valid/images/98_jpg.rf.6964640d44002d5e244959bff52e5d99.jpg,9c5d88eccb9b9ba99c83bfff36b7416c7b42e453fadc0cf0a614cdbd7fcafc2e,85a82cc76bc7c4c56757c43b2a1b45bc02bf614d1538363e07d48df699e58342,4,10,156,294,539,False,284,383,e17e156cecba41d5df247e926a950f71d23117d135d9cebc9f8886f0d7d37ca2,d39517ca4a9a9d14d169845296412163c34c3bbee2aa3b86f91c8117731d11aa
validation/Pessoa/98_jpg.rf.6964640d44002d5e244959bff52e5d99__obj005.png,Pessoa,validation,valid/images/98_jpg.rf.6964640d44002d5e244959bff52e5d99.jpg,9c5d88eccb9b9ba99c83bfff36b7416c7b42e453fadc0cf0a614cdbd7fcafc2e,85a82cc76bc7c4c56757c43b2a1b45bc02bf614d1538363e07d48df699e58342,5,3,13,329,574,False,326,561,e76a1d2d339c1c96226718212ad29a6e755409e30e4417890ccc1d1b72660ca8,5b0c4d0ff0953c69eec5d7cb5d35816d8dae6558771c6e7a2d03d3298bcb387b
validation/Pessoa/98_jpg.rf.6964640d44002d5e244959bff52e5d99__obj006.png,Pessoa,validation,valid/images/98_jpg.rf.6964640d44002d5e244959bff52e5d99.jpg,9c5d88eccb9b9ba99c83bfff36b7416c7b42e453fadc0cf0a614cdbd7fcafc2e,85a82cc76bc7c4c56757c43b2a1b45bc02bf614d1538363e07d48df699e58342,6,311,80,640,640,False,329,560,59830e3975b91177543d6fc4596421f453f9ffe723260887dbe9b80a4c41cab8,065fb00b9ddddf8037ba0fa7066453d4e04eed9ab2133bc47864348f2cb65164
validation/Capacete/99_jpg.rf.983ff8c893bb2e8a2444c61f70e3f115__obj001.png,Capacete,validation,valid/images/99_jpg.rf.983ff8c893bb2e8a2444c61f70e3f115.jpg,f9f2cb4716a5487bacdc44c804aeec494e5b14c2643b657e784f6680848b5216,961e8b89a625e92c88a868208d25c2d6f46f17e41d665b9d7e6bba82ca71eb5b,1,72,120,122,179,False,50,59,ddd40b8cba85f3e37aef6b93732f0810289862c41e6dfeadc1c0df2331c92093,a9f0d606419d72f217694c6c3aada10ba43960b5638b813cfdb3783d4e86a7e5
validation/Capacete/99_jpg.rf.983ff8c893bb2e8a2444c61f70e3f115__obj002.png,Capacete,validation,valid/images/99_jpg.rf.983ff8c893bb2e8a2444c61f70e3f115.jpg,f9f2cb4716a5487bacdc44c804aeec494e5b14c2643b657e784f6680848b5216,961e8b89a625e92c88a868208d25c2d6f46f17e41d665b9d7e6bba82ca71eb5b,2,335,148,380,182,False,45,34,7741089a86e553377dda11aec2497a00c96863722d9ede5ede7677ef98b750e7,77cb5b36ceec488f12886440bc660f1a578671b21bff06025e7123e9fa354be4
validation/Capacete/99_jpg.rf.983ff8c893bb2e8a2444c61f70e3f115__obj003.png,Capacete,validation,valid/images/99_jpg.rf.983ff8c893bb2e8a2444c61f70e3f115.jpg,f9f2cb4716a5487bacdc44c804aeec494e5b14c2643b657e784f6680848b5216,961e8b89a625e92c88a868208d25c2d6f46f17e41d665b9d7e6bba82ca71eb5b,3,436,233,479,274,False,43,41,2c1d8f3eff717e2b8590ea288f29f94cc9daa01a6baa56cf6aaf1f554687b96a,d3d4915b1377a0c69079533b40b1da36c7092c5883bd091bd2295e27cd237a00
validation/Colete/99_jpg.rf.983ff8c893bb2e8a2444c61f70e3f115__obj004.png,Colete,validation,valid/images/99_jpg.rf.983ff8c893bb2e8a2444c61f70e3f115.jpg,f9f2cb4716a5487bacdc44c804aeec494e5b14c2643b657e784f6680848b5216,961e8b89a625e92c88a868208d25c2d6f46f17e41d665b9d7e6bba82ca71eb5b,4,56,169,137,285,False,81,116,6dfbe1dad6e7c862a838e926331df303992a8086b013ee10324597ef159a4bb2,37309811d5b6f9d517ed909300dd19ff1446a0c2ab5993ebc5c7d17f48e1386b
validation/Colete/99_jpg.rf.983ff8c893bb2e8a2444c61f70e3f115__obj005.png,Colete,validation,valid/images/99_jpg.rf.983ff8c893bb2e8a2444c61f70e3f115.jpg,f9f2cb4716a5487bacdc44c804aeec494e5b14c2643b657e784f6680848b5216,961e8b89a625e92c88a868208d25c2d6f46f17e41d665b9d7e6bba82ca71eb5b,5,309,186,386,295,False,77,109,3f1eb978359abdee7f4b702251faa1b29f538b60e64cc0ddfa3ad9b46109731f,16716fd7f4e34945ea37250939cc3f1c7ad4616943bca57f479a4ab78f2fba4d
validation/Colete/99_jpg.rf.983ff8c893bb2e8a2444c61f70e3f115__obj006.png,Colete,validation,valid/images/99_jpg.rf.983ff8c893bb2e8a2444c61f70e3f115.jpg,f9f2cb4716a5487bacdc44c804aeec494e5b14c2643b657e784f6680848b5216,961e8b89a625e92c88a868208d25c2d6f46f17e41d665b9d7e6bba82ca71eb5b,6,435,266,516,377,False,81,111,e158336962dfd0ad40cae98f708fd8d99390c05e867ea2ec5c436b237d320fba,8845e7ecd4ceaa84b94b290292d50c32196713315b7c2154ea0d090f028f669b
validation/Pessoa/99_jpg.rf.983ff8c893bb2e8a2444c61f70e3f115__obj007.png,Pessoa,validation,valid/images/99_jpg.rf.983ff8c893bb2e8a2444c61f70e3f115.jpg,f9f2cb4716a5487bacdc44c804aeec494e5b14c2643b657e784f6680848b5216,961e8b89a625e92c88a868208d25c2d6f46f17e41d665b9d7e6bba82ca71eb5b,7,42,115,166,461,False,124,346,77b321d47b305d4f1c9d0b71cca9d5590c1e10adcf9e63bc1fba2c25a8947e87,c67bad21d054b9d3c968bd7ba6455eaa436e61926f83baed7cd74323e9def4df
validation/Pessoa/99_jpg.rf.983ff8c893bb2e8a2444c61f70e3f115__obj008.png,Pessoa,validation,valid/images/99_jpg.rf.983ff8c893bb2e8a2444c61f70e3f115.jpg,f9f2cb4716a5487bacdc44c804aeec494e5b14c2643b657e784f6680848b5216,961e8b89a625e92c88a868208d25c2d6f46f17e41d665b9d7e6bba82ca71eb5b,8,292,145,410,466,False,118,321,53ca1025410126e527dc07cec7ccd1339cd05369f612f2f7871d7e33ad0b9644,7a92f4354cc223f0ff7e3c0fb3d0f4bcbf0d96543041068ae3133028ec623b97
validation/Pessoa/99_jpg.rf.983ff8c893bb2e8a2444c61f70e3f115__obj009.png,Pessoa,validation,valid/images/99_jpg.rf.983ff8c893bb2e8a2444c61f70e3f115.jpg,f9f2cb4716a5487bacdc44c804aeec494e5b14c2643b657e784f6680848b5216,961e8b89a625e92c88a868208d25c2d6f46f17e41d665b9d7e6bba82ca71eb5b,9,410,235,546,453,False,136,218,88f8c1e47f68f7085e8507aeda0da99266746d781717a477ab26ee093cd526bd,e0a006c43a743598412506ba9cf3b511cb77f3a4b7971fbb64e3d7d7a6bd0f2a
